[individuals]
29
[landmarks]
246
[dimensions]
3
[names]
Mean_Hsapiens_F
Mean_Ptroglodytes_F
Mean_Ggorilla_F
Mean_Ppygmaeus_F
Mean_Hlar_F
Mean_Ssyndactylus_F
Mean_Cguereza_F
Mean_Panubis_F
Mean_Phamadryas_F
Mean_Tgelada_F
Mean_Msphinx_F
Mean_Mmulatta_F
Mean_Nlarvatus_F
Mean_Tobscurus_F
Mean_Epatas_F
Mean_Ageoffroyi_F
Mean_Atrivirgatus_F
Mean_Sapella_F
Mean_Llagothricha_F
Mean_Ssciureus_F
Mean_Soedipus_F
Mean_Cjacchus_F
Mean_Cgoeldii_F
Mean_Lcatta_F
Mean_Efulvus_F
Mean_Vvariegata_F
Mean_Mmurinus_F
Mean_Gsenegalensis_F
Mean_Gmoholi_F
[rawpoints]
'#1
106.87760194 23.41006027 77.65804832
-114.62002490 9.70637556 73.10201141
93.12145461 7.41949982 45.81559726
-94.87771532 -5.21982410 42.33688991
34.35833546 109.38630846 -18.09507377
-47.40176574 104.55980737 -19.47741508
77.88123125 124.01749884 49.65944874
-93.05829660 113.29745233 45.17587384
33.90355340 110.53406251 34.00045142
-49.44531018 106.26173622 32.80687908
14.75369293 86.43247833 37.61207720
-27.94290212 84.66334646 37.44970731
-5.64456904 70.25683652 38.77304717
-7.84860290 97.40289202 32.15338648
-2.43931300 57.70633652 -59.46475400
10.63213355 63.36030541 -55.63677493
-17.15597440 60.92462518 -55.75639947
6.13598200 61.30613208 -59.89451311
-12.03166414 59.47954807 -59.91143131
41.29120405 82.67183704 -21.36871509
-50.46819653 76.60221132 -22.82816862
59.79004950 31.00767412 -16.76995925
-63.43108161 23.58482832 -18.61509626
50.17148636 23.60348677 -34.77566800
-51.23412722 17.26664550 -37.65952896
45.38635494 64.61385078 16.47326735
-56.24288863 60.14996415 17.25026537
5.28391490 -43.97212503 32.46749187
-0.60730257 -44.54045515 31.45859925
4.37764024 -48.66267987 0.75863694
1.34849989 -48.23513784 0.85181008
4.37049626 -39.69565416 23.84649480
-0.20634211 -40.28246457 23.36512410
53.29870166 -15.53335441 -5.28856792
-50.73599602 -22.68740665 -6.51410560
45.54875881 -22.00712545 14.67094273
-43.91095039 -27.45487694 12.19462518
27.67523525 -36.98166149 -2.62110588
-22.61073058 -41.19566363 -5.40888568
47.82186305 -30.93547324 -50.93352773
-39.53548840 -37.58291374 -49.12970610
57.51186661 -10.01677177 -59.03847257
-50.13544272 -18.04784669 -59.48051534
90.54599054 3.61840574 24.39769255
-92.34104409 -8.07555489 20.48684532
76.85055356 -8.80025608 -20.21628608
-74.45974333 -18.29046813 -23.68560843
67.40816854 -20.53341888 12.55893263
-64.68127108 -29.11628004 9.04370703
91.83161680 16.53910051 -5.27982567
-91.16298808 4.75900004 -12.07177664
61.73016390 26.18950274 21.51855019
-65.19981951 17.55796675 17.94108429
9.99450238 -42.53851271 33.12626048
14.48463412 -40.87413877 33.30972032
18.97087568 -39.01172779 33.01996225
23.25361377 -36.82196668 32.36961653
27.24059799 -34.26942838 31.38431434
30.96092702 -31.42919147 30.23313288
34.40736976 -28.17905057 29.23291478
37.74598299 -24.75769955 28.40122584
40.92785326 -21.16498457 27.55652737
43.99332698 -17.46479295 26.75763146
46.91215886 -13.64090460 26.06237774
49.62936644 -9.65139599 25.53056874
52.14627345 -5.50143411 25.13286311
54.40664711 -1.23252945 25.02650217
56.22319276 3.21540116 24.95688749
58.05268204 7.67777564 24.50796797
59.50395076 12.27583830 24.22458007
60.69577837 16.93440599 23.64295836
61.48751810 21.64514774 22.89999728
61.80656860 26.41472337 22.14295699
61.65492416 31.21773401 21.49895029
61.08120876 36.00475309 20.95049180
60.15375111 40.73338385 20.42666691
58.80326339 45.34647279 19.86446643
56.93624216 49.74525527 19.14995413
54.53619886 53.84264562 18.32486531
51.83424151 57.71345718 17.37203329
48.69290437 61.27698068 16.85607214
-5.36654975 -43.39463665 31.06926871
-10.00780417 -42.16217156 30.51154826
-14.56940591 -40.68617035 29.79515712
-19.05135212 -39.01871984 28.98526518
-23.38743581 -37.03279154 28.07487466
-27.55490794 -34.71836463 27.11933798
-31.52115148 -32.06092831 26.20326380
-35.27713439 -29.08969547 25.36910485
-38.87551940 -25.90688846 24.60804756
-42.36274558 -22.59967914 23.89840751
-45.76352017 -19.20498731 23.22445927
-49.04924253 -15.68387872 22.61492867
-52.11488662 -11.94849500 22.11586855
-54.85905016 -7.97424370 21.73604722
-57.24209880 -3.78685083 21.39988579
-59.41735396 0.53625732 20.95531236
-61.36300429 4.96628658 20.49270864
-63.18049785 9.44098284 19.80710058
-64.71078340 14.01667358 19.14180341
-65.71779059 18.73632762 18.55382546
-66.25962889 23.53457716 18.07214755
-66.34919702 28.38640162 17.80013291
-66.04458572 33.24142002 17.60915571
-65.38559815 38.05496169 17.38267802
-64.33397167 42.79321501 17.16981610
-62.77846360 47.36722300 17.00185664
-60.94866442 51.81112704 16.91361914
-58.68807443 56.04391733 17.03580398
-5.57774804 72.23013744 31.41777658
-5.48246424 74.07682293 24.04839112
-5.42288609 75.88439152 16.65848258
-5.35315099 77.54104128 9.23149248
-5.29457765 78.91935140 1.75060576
-5.22335817 79.94445267 -5.77587954
-5.16962023 80.24085635 -13.37910671
-4.96440642 79.70826651 -20.95552279
-4.66718868 78.27185651 -28.39172083
-4.21062096 75.50360032 -35.40216904
-3.78321747 72.08476836 -42.11481586
-3.38077146 67.93152546 -48.35203792
-2.92840836 63.11573067 -54.12323053
5.12736878 -42.03969278 30.76108440
4.79711131 -40.67794913 28.60994434
4.48200883 -40.26590542 26.12906384
4.20491595 -40.23474827 23.62224684
4.07447698 -40.34040768 21.12915376
3.95057893 -40.55783233 18.50234679
3.91882905 -41.05134115 15.94755284
3.90959911 -41.78414031 13.49873403
3.91226999 -42.50941104 10.97950460
3.90747277 -43.15441977 8.48335072
3.92981864 -43.72468372 5.96877195
4.13535156 -44.88342591 3.72601237
4.38379619 -46.64950823 2.02465858
-0.33647951 -42.84818904 29.69292966
-0.16988282 -41.52838009 27.73920548
-0.06663930 -40.73315454 25.48158169
0.05006861 -40.36235202 23.17061191
0.09788620 -40.43267748 20.74373479
0.11308963 -40.89806084 18.29551902
0.22880411 -41.39578245 15.88537058
0.38704894 -41.94523792 13.48137604
0.49440216 -42.64096697 11.13690653
0.55157833 -43.42770847 8.78576551
0.66476590 -44.12600902 6.40450247
0.84098587 -44.98819299 4.13316324
0.99658119 -46.40729865 2.32689683
44.59893373 77.75849158 -17.73855615
48.13454578 73.19003729 -14.12963534
51.68540036 68.87379282 -10.26631339
55.00025652 64.40806839 -6.34339031
58.23243027 59.57604868 -2.71869147
61.32193315 54.07910010 -0.12357957
63.81237037 47.95919748 0.42666325
64.81682641 42.05621081 -2.19685408
63.86242079 37.34521317 -6.97250055
61.91424632 33.62907345 -12.42264069
59.44873808 30.49851356 -18.01944040
56.52276032 27.89771745 -23.51509908
53.42714958 25.80517110 -29.03970649
-53.44816275 71.04398424 -19.56224853
-56.61948188 65.94216620 -16.26245404
-60.04213920 61.31631126 -12.47605681
-63.06864686 56.65040627 -8.42534061
-65.87471537 51.50146295 -4.77940571
-68.34347676 45.61194997 -2.22043592
-69.66695443 39.04104131 -1.90295103
-69.47872237 33.17130150 -4.99207168
-67.95995598 28.77145398 -9.98705385
-65.33356005 25.40842968 -15.47155490
-62.08025971 22.33215102 -20.78159725
-58.44461957 20.00943280 -26.20586309
-54.77825680 18.64257991 -31.84181845
9.42160220 -46.42067288 -3.53132599
14.75045958 -44.44407733 -7.39783713
20.09286538 -43.01397406 -11.33476516
25.04854512 -41.81918811 -15.84499702
29.55916958 -40.68047695 -20.80607894
33.73092017 -39.50452785 -26.05040983
37.48027536 -38.09998153 -31.56995464
40.81507803 -36.32384287 -37.23886271
43.83935234 -33.97555738 -42.85296238
46.72192242 -31.10430285 -48.24390835
49.47226448 -27.18920515 -52.79958507
51.85112669 -21.68064065 -55.38665870
54.58787416 -15.80531522 -57.25363853
-3.44547872 -47.36446528 -3.45337191
-8.28932936 -46.09453348 -7.62572246
-13.31237891 -45.23150548 -11.64274252
-18.01416440 -44.88383956 -16.10420995
-22.37167768 -44.63129371 -20.97585607
-26.28122486 -44.12737025 -26.22197173
-29.90278088 -43.28296873 -31.64266593
-33.04002526 -41.90048471 -37.23030190
-35.89096824 -39.99439983 -42.75785267
-38.61161262 -37.52204776 -48.10583647
-41.50135446 -33.78507234 -52.50703715
-44.42109740 -28.97798235 -55.69158789
-47.28353340 -23.65667121 -57.89435563
53.91428868 -15.42736760 -10.86084710
54.54105165 -15.31895741 -16.45127222
54.90233089 -15.87768318 -22.02131495
55.01426221 -17.63777583 -27.32163959
54.20683961 -20.81993299 -31.83066645
51.68375434 -24.72185670 -34.18947986
48.20167094 -28.34217754 -33.38084756
44.61522445 -30.93115658 -30.05916717
41.29297277 -33.05600964 -26.02209817
38.01407944 -35.00180656 -21.81503677
34.47533134 -36.59318888 -17.61886266
31.02247787 -37.77147681 -13.28103545
28.80524111 -38.04918008 -8.25969611
27.87624902 -36.88318356 -3.03477212
28.61138066 -34.98498838 2.08480327
31.01669879 -32.29800353 6.26656880
34.24596125 -29.23237405 9.69158249
38.14335811 -26.13507112 12.45281330
42.76277246 -23.33090482 14.00589141
47.77507479 -22.03236200 13.43822685
51.54157074 -20.67899869 10.15862972
53.42471572 -18.48077794 5.44829064
53.67149923 -16.76283090 0.14896010
-51.11283570 -22.11955983 -11.93412712
-51.51861178 -22.01019646 -17.45235545
-51.76482294 -22.77810649 -23.01138610
-51.48943770 -24.48234460 -28.37388283
-49.99694010 -27.18602493 -32.80114412
-47.01412203 -30.31695624 -35.71891774
-43.20811758 -33.34297929 -35.41586657
-39.74078967 -36.05436822 -32.38862335
-36.30075364 -37.91991105 -28.30419976
-32.80698068 -39.25256062 -24.06062550
-29.25145392 -40.26406197 -19.75876698
-26.11408783 -40.97948763 -15.09722653
-23.97056417 -41.05908605 -10.08643692
-22.88933340 -40.61629771 -4.79877334
-24.00584006 -38.74040779 0.13253895
-26.25706005 -36.18655373 4.34660395
-30.02284714 -33.90798525 7.51108369
-34.35208848 -31.31348876 9.96138571
-39.01020802 -28.66602448 11.57141141
-44.00580031 -27.00505337 11.24303596
-48.02101610 -26.07945711 8.44713391
-50.38987655 -24.49320145 3.99142445
-51.12063077 -23.29750630 -1.21997579
'#2
-111.947270330 130.358758936 23.548882720
-107.986280170 -134.218658448 25.752901780
-33.197907040 76.277155439 12.833377911
-30.351898950 -78.613551949 14.682695952
-166.867460763 30.380071903 -18.034661067
-164.883975241 -34.361944907 -17.654381320
-183.933122329 85.266970126 15.517093815
-180.369167476 -92.040332167 15.928462611
-146.215002310 26.876006632 9.121276010
-144.953707867 -31.459766022 9.089409641
-123.484602714 17.614197424 20.251623817
-122.177410061 -20.767099704 19.726380604
-113.675258349 -1.913946614 28.090914798
-134.699044190 -2.151465404 12.111957326
-44.284325050 -0.920588402 -49.553397023
-49.773928238 10.646024238 -48.920742654
-49.876583707 -12.878821988 -48.269867593
-47.516674592 8.144851989 -51.262737166
-47.277833151 -10.123460820 -50.049470758
-84.917775977 27.877209317 -22.808592309
-83.005111203 -30.987060541 -22.859049455
-13.080025108 48.663883348 -30.320593782
-9.822166782 -49.466822275 -29.727114814
5.827720940 47.634157704 -39.209072885
8.323715006 -48.829676416 -36.793536477
-95.850369210 31.195784486 5.912656372
-94.847585232 -33.531350877 6.294253864
28.770115216 2.391106015 42.292697418
29.047811157 -0.570863472 42.245150418
71.647093888 3.331990557 1.779861551
72.028462448 -1.026804607 2.464977988
33.930742234 2.527723996 31.052849376
34.101948841 -0.432711737 30.901698476
28.004155136 47.596258675 0.099705815
29.609804815 -46.347420531 2.126400938
19.484127826 43.832473695 15.521945692
20.665806024 -44.418659859 14.978705505
51.393172156 24.363469237 5.899653997
52.701996177 -22.915470795 5.924743575
74.962729850 36.136683748 -27.873425548
78.191324928 -32.686939813 -26.337563031
59.912920968 57.659029369 -47.052766189
65.171399575 -54.213530858 -45.526052980
-15.350999640 79.235793062 6.772109108
-11.806303630 -79.416171693 7.577054517
19.101276030 75.352793266 -13.657154856
22.874737384 -73.853736557 -11.144333804
11.960587245 63.678504398 12.228295204
14.027132894 -63.082006831 14.160721577
-6.135267513 77.621583973 -20.391536407
-1.139635447 -77.799832120 -18.883062845
-28.355723745 53.245434462 11.234487555
-29.072243408 -54.067175029 11.326586279
27.910203821 7.609876458 40.737728045
26.721922476 12.744699899 39.022258812
25.214902716 17.378330993 36.558603233
23.441716921 22.057363765 34.157611761
20.768513123 26.345584534 31.851389804
17.412090133 30.437101546 30.116976868
13.491977676 34.096513846 28.561343811
9.406295778 37.459784539 26.820391735
5.169956278 40.407543284 24.678046951
0.940371002 43.189777524 22.313830179
-3.307934320 45.853671243 19.881184434
-7.760416380 48.060592796 17.342266509
-12.552950427 49.982783096 15.222126625
-17.698355543 51.453824370 13.598489451
-23.023491418 52.511338297 12.235152007
-28.501993103 52.985690630 11.151753276
-34.000269012 52.974398369 10.029320576
-39.458539436 52.273394843 8.978213071
-44.908949024 51.450582123 7.967782993
-50.329690505 50.366831055 7.020968312
-55.729066720 49.118503509 6.142110655
-61.140622324 47.734856453 5.524431662
-66.489037215 46.114935773 4.981358035
-71.784645993 44.297927938 4.567680976
-77.021065421 42.302046505 4.334183362
-82.106284868 40.020406029 4.232197814
-87.028835267 37.459928067 4.102480831
-91.587557975 34.423890195 4.951675185
28.092009296 -5.978795299 41.207750390
27.050217376 -11.317087129 39.920895151
25.928348445 -16.163430406 37.467088777
24.524325758 -21.008134661 34.933162540
22.217137573 -25.527622988 32.497966882
19.024195528 -29.626632431 30.343061793
15.229528709 -33.348645396 28.534763886
11.207856043 -36.845011901 26.869258997
7.195692732 -40.136095093 24.710092687
3.044757240 -43.214546038 22.519983736
-1.341337381 -46.083228350 20.516311908
-5.962978271 -48.618152843 18.546462333
-10.819652993 -50.766101304 16.668867082
-15.799944400 -52.707278209 14.941620497
-21.058759638 -53.848754571 13.325201330
-26.513059621 -54.317851067 12.094167479
-32.040494312 -54.212593503 10.947241520
-37.574604173 -53.734576592 9.973857820
-43.052503844 -53.050641355 8.861847056
-48.538085969 -52.206180067 7.875897552
-54.011268739 -51.110960843 6.981092905
-59.448436826 -49.768207337 6.167177809
-64.870279133 -48.295380561 5.523959693
-70.216118690 -46.525727355 5.057526451
-75.478259979 -44.487077284 4.796251061
-80.617146761 -42.141365336 4.778954081
-85.677434895 -39.710145317 4.698366640
-90.405980591 -36.801330665 5.391390338
-109.175821657 -1.713833722 21.877178524
-104.779252564 -1.489191555 15.734284426
-100.458105522 -1.469316944 9.504137688
-96.243462315 -1.465546725 3.203297476
-91.960286508 -1.421007550 -3.027492925
-87.603009221 -1.359097676 -9.156147169
-83.297988641 -1.312921075 -15.296221863
-78.995224808 -1.218046879 -21.454882466
-74.307304541 -1.051951876 -27.299259170
-69.189095219 -0.914418268 -32.779837316
-63.628838753 -0.817580219 -37.801740764
-57.582005805 -0.781362074 -42.242971579
-51.087132330 -0.798234627 -46.021529379
29.096717323 2.053518904 38.011619209
30.861359437 1.899774236 34.234012466
33.998958145 1.729185761 31.347868940
37.388729498 1.713632567 28.510052693
40.957854663 1.706014683 25.863945091
44.506772159 1.853615852 23.238003187
47.878946289 1.721156517 20.393244094
51.313665886 1.652775127 17.610489778
54.679653777 1.595685917 14.763879598
58.029045212 1.629078080 11.887285771
61.537580101 1.896067804 9.243928184
64.815290702 2.099893228 6.396980911
68.209495173 2.685386763 3.883441418
29.596175396 -0.290375242 38.078416387
31.214041764 -0.104980649 34.241026337
34.341645611 -0.053499977 31.463451951
37.669053801 -0.008398738 28.547464784
41.210675676 0.025068462 25.861542360
44.630490277 0.067184928 23.089584527
48.000300899 0.010785780 20.261650316
51.444594669 -0.065303393 17.573415613
54.725269499 -0.037505486 14.713021752
58.117445864 -0.206164400 12.004827875
61.564235069 -0.388482162 9.354706116
64.789785256 -0.673662694 6.473467672
68.274622003 -0.915091005 4.111059703
-79.609929132 32.315473383 -21.103414606
-74.297200520 36.742471307 -18.642519800
-68.553727029 40.716859879 -16.326094731
-62.101846924 43.830703705 -14.708328200
-55.123240853 46.117623283 -14.124713412
-47.992953221 47.854693441 -14.917353750
-40.904109492 49.096540924 -16.612642000
-34.016492555 49.778479621 -19.291669278
-27.289898282 49.885039411 -22.519211030
-20.718680549 49.486577416 -26.055946177
-14.157330272 48.896874854 -29.578374417
-7.408918847 48.524453258 -32.663592965
-0.727624937 48.070335895 -35.846109296
-77.672694014 -35.810100275 -21.502972364
-72.294709547 -40.322314847 -19.248138807
-66.567059337 -44.016577005 -16.592706270
-60.149362442 -46.723001918 -14.472287316
-53.176720970 -48.759232580 -13.694316734
-45.994232049 -50.366847668 -14.104027466
-38.872757278 -51.581936067 -15.619102056
-31.958133787 -52.125531980 -18.248751010
-25.220917498 -51.742742398 -21.428731525
-18.651554593 -51.078620147 -24.907938900
-12.104484001 -50.377552939 -28.378934662
-5.360504888 -49.795118991 -31.320477199
1.455057085 -49.358564927 -34.030840994
73.851630668 6.443050483 -2.076748417
75.660438913 9.830011604 -5.911132139
76.487596819 14.008033420 -9.424868405
77.067725607 18.429195889 -12.942275595
77.148695502 22.895805377 -16.444018231
76.998113819 27.323668654 -20.048842803
76.585133079 31.572973867 -23.803500133
75.600544392 35.748538009 -27.461969073
74.266238610 39.733038281 -31.270521111
72.364439590 43.480203430 -35.109021139
69.834543439 47.244995693 -38.565922863
66.935573131 50.926890690 -41.780741422
63.425639831 54.273057517 -44.609217249
74.084516980 -3.765128158 -1.721311320
75.744022870 -7.063423382 -5.451066448
76.963593189 -11.025661305 -8.870061094
77.790979791 -15.280135058 -12.244544082
78.427347526 -19.655152479 -15.598010883
78.856315185 -24.051186515 -18.973314481
78.951144892 -28.258166252 -22.597576194
78.303422531 -32.419731868 -26.190251894
77.405197926 -36.410396994 -29.801528355
76.035138812 -40.196059696 -33.487575451
73.966971101 -44.033903301 -36.928507520
71.595708080 -47.614245376 -40.459515366
68.441337655 -50.964391679 -43.397989115
30.728699640 48.415050526 -4.787155512
33.755813048 48.964159169 -9.349892791
38.037263748 48.760919795 -12.601127364
43.037165906 48.392043125 -14.945688139
48.245646587 47.095352960 -15.938093036
52.968718079 44.651759151 -15.969637323
56.636310261 40.906812421 -14.663001608
59.209834031 36.623296410 -12.260049467
60.027229072 32.100904245 -9.172571336
59.095079130 28.247091777 -5.377321029
56.661286323 25.714169435 -1.087670719
53.164504288 24.693411623 3.125741981
49.321356419 24.821608236 7.074632051
44.761798663 26.225622561 9.867823313
39.943841642 28.469815055 11.652016361
35.395341716 31.226749255 13.423936508
30.921070458 34.199623426 15.049729394
26.342267467 37.130871297 16.064565263
22.027117596 40.572071400 16.087784924
19.090195741 44.704310016 14.557549974
18.109145404 48.105679821 10.619505226
19.197411150 49.855085680 5.899767326
23.274532853 49.035158312 2.560182642
32.630542326 -47.258252067 -2.547917774
35.698122185 -47.910601106 -7.023194694
39.506985699 -47.939626997 -10.989792985
44.250576280 -47.347439085 -13.593096759
49.438023028 -46.150615142 -14.943335809
54.180997043 -43.595783404 -15.022579249
57.853651748 -39.948976242 -13.945005396
60.504499314 -35.688868418 -11.916557979
61.342541172 -30.983157813 -9.155504884
60.608382026 -26.892638805 -5.528580852
58.283220094 -24.384771346 -1.299586982
54.956666455 -23.289927387 2.871773641
51.206826413 -23.306034551 6.851454717
47.015613913 -24.628607228 9.916221775
42.442475346 -26.507210917 12.359619010
37.909908863 -29.098580464 14.227024533
33.752624799 -32.412436453 15.328053932
29.404946006 -35.681016002 16.288467144
25.045166390 -38.886395498 16.826245154
21.711680130 -42.949245841 15.896396323
20.635368077 -47.000933201 12.984995729
21.501866914 -49.343325754 8.254358008
25.280737507 -48.292508471 4.689345679
'#3
107.777012707 163.286779725 -75.802625168
101.150618343 -171.031704000 -68.912076430
35.662731735 96.063826858 -12.336628473
32.771795621 -98.200489186 -9.603410082
191.728683636 31.141404586 -5.347636079
192.913133633 -40.548046499 -5.096072935
204.481661695 109.603718340 -53.868212004
201.221086109 -116.389788448 -50.208529450
158.529614118 24.033340507 -15.601434632
158.500524622 -30.527555990 -15.378123866
146.634778130 17.874904655 -25.653577928
146.262739655 -23.079466743 -25.846539490
136.657492852 -2.158901377 -33.350578466
154.178758512 -2.530523947 -18.239773493
57.239612498 0.979570509 51.854511165
60.786292134 13.835768421 52.683250720
60.413424361 -11.856993499 52.664975119
57.704661217 10.391687578 53.784754554
57.374551365 -8.503164813 54.627318018
100.288086817 34.759051967 23.693662463
99.563712948 -39.232196409 26.987020000
16.062559135 50.827090053 35.444319134
13.133730303 -50.277778729 37.504929440
-4.770529988 49.116936503 41.910719510
-5.231244528 -49.690346649 42.298119519
112.070583900 33.412054205 -7.204954869
113.547489305 -36.158432992 -3.817173005
-43.555270354 2.163924386 -45.679145671
-43.623057765 -1.388963176 -46.082119374
-82.348368567 5.483949928 -0.213144797
-82.988005184 -1.204290698 -0.992468456
-52.494487447 2.147348292 -31.445087585
-53.005005698 -2.020819592 -32.077263268
-30.649863478 53.283123276 2.581834332
-29.744113603 -52.338487358 2.583443784
-25.048890722 46.251790000 -17.703973179
-22.158853812 -46.379908174 -16.719003138
-63.591482326 20.413871815 -6.782146795
-65.787208220 -17.771529158 -8.182686652
-86.854767373 28.099364933 30.523665145
-86.928987619 -24.657049612 30.599673395
-64.837703699 55.485799333 56.973274502
-66.610369943 -48.662176198 54.636792986
16.931695927 93.044689923 -9.735323211
16.530264849 -95.709126227 -6.123824977
-22.940696663 79.689335416 19.314962319
-25.205850489 -78.352406602 17.964353103
-14.675433393 67.890557346 -12.336476924
-14.596022854 -68.623361824 -11.750304188
11.908518324 86.705135862 23.816449444
9.884749097 -87.824173409 26.012769496
34.971068965 59.928162278 -11.785474275
36.888669883 -62.852230360 -8.366263835
-41.711672167 8.193757129 -43.096469418
-39.593532871 14.008294783 -40.487410388
-36.665427417 19.408950019 -37.781830254
-33.338283198 24.768028490 -35.485845339
-29.211146967 29.711621505 -33.634905716
-24.469352584 34.174664016 -32.039189671
-19.679538514 38.564276985 -30.387996377
-14.462701421 42.497922938 -28.937947815
-9.341778524 46.377574611 -27.035685133
-3.693559110 49.565176598 -25.321605517
1.879589579 52.723439620 -23.324674251
7.753447220 55.107003776 -21.137415637
13.905757948 56.671169038 -18.936431524
20.176788326 57.971321015 -16.930049591
26.383211641 59.005130790 -14.595917182
32.548579681 59.561420539 -12.043026013
38.781498309 59.707697951 -9.582674794
45.193025955 59.557018386 -7.603833427
51.692268755 59.094504434 -6.011324652
58.289886064 58.212521561 -5.160696101
64.827107480 56.735833357 -4.771053501
71.251150169 54.805770079 -4.586125533
77.597016580 52.635890141 -4.544135101
83.900373066 50.347322846 -4.673775894
90.202003889 48.090663826 -5.132650386
96.175895758 45.162258511 -5.728579275
101.934836625 41.860896718 -5.856993373
107.098904700 37.726635425 -6.496169870
-41.692338397 -7.440558985 -43.358174600
-39.389259324 -13.250973816 -40.602822523
-35.995167808 -18.548296898 -37.934460795
-32.023484623 -23.665841773 -35.743474304
-27.673669166 -28.605605160 -33.900964941
-23.128468363 -33.433587441 -32.215608436
-18.441363670 -38.051749213 -30.296927885
-13.515388767 -42.275600594 -28.083344577
-8.360515069 -46.232270878 -25.901655198
-3.051532330 -49.917872700 -23.602733681
2.450623007 -53.358200885 -21.373754722
8.277185413 -56.184670211 -19.161995641
14.407493502 -58.346794812 -17.043837368
20.628951428 -60.081502094 -14.806414565
26.900619155 -61.387942667 -12.446186174
33.191487436 -62.313594896 -9.969307272
39.548667805 -62.969518564 -7.545346196
45.977018174 -63.037698322 -5.250825457
52.541162831 -62.716872132 -3.362146223
59.169940058 -61.860635210 -1.909095498
65.824417868 -60.611329367 -0.957258221
72.453910626 -58.942536719 -0.573570685
78.976167869 -56.830116102 -0.268601533
85.358250119 -54.359059439 -0.355571040
91.498102556 -51.445818541 -0.827123626
97.433091498 -48.201651702 -1.305992230
103.205380548 -44.660387847 -0.908660537
108.421762237 -40.444747805 -2.138344556
132.422600660 -2.326030720 -25.843551949
128.307456146 -2.295830474 -18.361256958
124.290047027 -2.403544515 -10.811972548
120.283443237 -2.402724805 -3.270155582
115.621216020 -2.241718261 3.854495482
111.211239902 -1.811937744 11.119847279
105.865820530 -1.468151988 17.767945413
100.106015746 -1.138839984 24.074504099
94.014713321 -0.769057439 30.054513347
87.366951337 -0.365853057 35.419940868
80.121071466 0.002717547 39.898607760
72.792755600 0.414939854 44.175504200
65.181205112 0.728731551 48.024981699
-44.879329106 1.588395877 -41.312016887
-46.891864923 1.019079991 -37.335214944
-50.465581535 0.464211502 -34.608855295
-54.229256494 0.171163083 -32.084483661
-58.009557042 0.401590571 -29.705056251
-61.136167141 1.142749958 -27.018266154
-64.202086293 1.831560865 -24.210180529
-67.614138644 2.468951049 -21.703825000
-70.889553932 3.016552477 -18.795075823
-73.579578974 3.525428412 -15.310092206
-75.834790401 4.114943164 -11.490528644
-77.644478655 4.816062554 -7.489958035
-79.916458202 5.283908180 -3.839964778
-45.202444764 -0.696310262 -42.016539082
-47.304067419 -0.342849642 -38.157700107
-51.022146668 -0.885548452 -35.709931708
-54.683497809 -0.968883116 -33.107896616
-58.213736656 -1.214521803 -30.436336704
-61.336318451 -1.622679178 -27.544129178
-64.848145791 -1.900765720 -25.222499312
-68.441138323 -2.040926338 -22.651786460
-71.797157997 -1.956803862 -19.887322777
-74.289389761 -1.601066829 -16.380011529
-76.572087908 -1.231931296 -12.582437586
-78.650488910 -1.180676125 -8.658699046
-80.755881513 -1.240211803 -4.830933220
93.375510598 39.270541387 24.393056423
85.935351960 43.029865456 23.993376517
79.029639313 46.252762077 21.113890143
72.637213031 50.234776757 17.595337474
65.012591834 53.177096808 16.358559254
56.820938107 54.880885866 16.742187169
48.685742033 55.722858460 18.993709712
41.001212482 55.446008679 22.547509352
33.523143873 54.475752543 26.426102753
26.151540887 53.176576486 30.426512030
18.749693644 51.683572558 34.280687683
11.199636262 50.359037709 37.846960312
3.150920630 49.839579718 40.084361171
92.286424164 -43.568912527 27.116887840
84.955478477 -46.862204231 26.887905854
77.978386354 -49.060559414 23.862445737
71.956449907 -53.063224018 20.590839507
64.932463370 -56.207412503 18.450402949
56.842345504 -57.681980348 19.128228935
48.828448216 -58.482239165 21.293870829
41.029178122 -58.311378378 24.611447690
33.569024534 -56.558145030 28.308767851
25.949559119 -54.688970823 31.606818705
18.520230312 -52.701885973 35.245851761
11.029120756 -50.526085485 38.603505430
2.843565562 -49.816101154 40.341504966
-83.518578969 8.744421670 4.340214077
-84.531961186 12.317477971 9.035319451
-85.638032203 16.144786526 13.526222052
-86.670146273 19.779304291 18.206005667
-87.494450002 23.131076619 23.175757904
-87.402472931 26.347432182 28.286879539
-86.461406391 29.776568412 33.131484903
-84.696804670 33.526139456 37.512169488
-82.361319740 37.411806945 41.530087327
-79.999350362 41.398184879 45.437351691
-77.424170843 45.434510504 49.136189932
-73.797789611 49.325092659 52.040237322
-69.296423469 52.514702405 54.534337568
-84.449545593 -4.641359423 3.302435861
-85.798800939 -8.320550246 7.455704003
-86.657282611 -11.878035891 11.800785681
-87.613768461 -15.119919109 16.324943022
-87.804513040 -18.164999781 21.166352970
-87.505292591 -21.320371314 25.910255228
-86.424271604 -24.611403495 30.479986200
-84.877782650 -28.037358813 34.803955218
-82.919757273 -31.450921142 38.969584349
-80.472555531 -34.880260032 42.841604664
-77.567220234 -38.503154406 46.179533796
-74.278425415 -42.235370164 49.014183335
-70.480495867 -45.488388535 51.729630317
-34.797734990 51.364461082 7.497241689
-39.158463337 49.552697469 12.081231055
-44.590072288 47.807781503 15.392716748
-50.473423749 45.924308043 17.630236862
-56.438229250 43.704804687 18.988422732
-61.873536910 40.346978693 18.587301032
-66.088347518 36.197084939 16.184958581
-68.416863554 31.686181209 12.164774659
-69.675139360 27.302031275 7.532154648
-68.958873934 23.755370981 2.070584859
-66.094385738 21.287716287 -3.110624947
-61.959266718 20.305462243 -7.874012331
-57.606559128 20.323124584 -12.721466276
-52.611332385 22.551642969 -16.162556561
-47.276710262 25.686544708 -18.138469348
-41.876666834 28.858395233 -19.831054916
-36.586624398 32.400302080 -21.152247701
-31.661533517 36.726921421 -21.465717497
-27.127011384 41.348766466 -20.404166470
-25.104033359 46.948974732 -17.915391999
-23.955089815 51.832159244 -13.754457231
-23.625196158 55.045932796 -8.128759767
-26.755950880 55.021930800 -2.545208179
-34.257490043 -50.255762247 7.345232756
-39.192936516 -48.158859752 11.470480063
-44.709061450 -46.168318971 14.795659423
-50.562583964 -43.854254919 17.234913242
-56.588846095 -41.039083095 18.056873054
-62.122036603 -37.396178511 17.091671851
-66.133482308 -32.801649782 14.221259539
-69.047657559 -28.041187270 10.443581213
-70.007214524 -23.545743695 5.642309189
-69.561388860 -20.266046462 -0.184755126
-66.897978950 -18.623198180 -5.964971191
-63.108300043 -18.277966263 -11.225224313
-58.133736616 -19.270163818 -15.560013248
-52.499952022 -21.573831597 -18.000932176
-46.774353918 -24.541470848 -19.756972323
-41.282170261 -28.024661495 -21.064215044
-35.846987599 -31.971396802 -21.509031489
-30.431566370 -36.027791334 -21.469813498
-25.655308943 -40.633805746 -20.345489155
-22.382844245 -45.755310543 -17.536839097
-21.319965735 -50.488150742 -12.943385666
-21.293918916 -54.243911665 -7.438150102
-25.047038629 -54.139185890 -2.013413969
'#4
-94.16427228 -124.69258816 -23.52029750
-103.58780472 119.54857952 -23.75478109
-25.93901927 -76.18613725 -2.06176366
-32.57470454 74.30273750 -7.98790465
-135.69899598 -29.62807318 2.63018004
-136.59412361 20.42606655 4.39617617
-151.32269195 -66.06388794 -15.69051995
-156.19250320 56.68337596 -12.37104448
-130.62581859 -30.06962676 -13.77343598
-132.70132406 24.34294298 -12.67390000
-115.23231106 -19.80676654 -26.58532809
-117.01871127 16.27594634 -24.49175553
-106.40431703 -1.49797875 -33.50157477
-121.30398182 -2.14654256 -17.40863237
-41.23593159 0.29494297 44.15893093
-45.69030364 -13.02922956 42.83746220
-47.45342947 13.38735067 42.50663536
-42.30937979 -9.42519509 44.69727796
-43.35528597 10.80357677 44.23307725
-73.64184799 -31.28182079 20.89183793
-74.76815435 29.29177953 20.80011972
-17.38432299 -44.02067076 26.78540209
-19.04828853 44.12450903 24.47198622
-4.38501115 -37.89916120 34.98031125
-7.70875371 41.23263663 31.92665280
-83.35319312 -35.03818674 -8.25716784
-85.78616359 30.47523351 -9.05047091
35.86659178 -2.96736510 -31.52831001
35.87671765 -0.73205723 -31.47456746
62.38987659 0.02496777 -9.17779432
62.12988489 2.67420931 -9.33829670
42.40582388 -1.93695563 -21.36973653
42.19155376 -0.29155884 -21.19425472
26.86855460 -41.77203379 7.43199720
24.54949514 42.90961569 4.23627761
19.55444196 -43.60409345 -8.34744724
15.91051411 42.05301760 -11.40037712
48.41319549 -19.19713552 -4.91909338
45.68952158 21.93878216 -7.12379642
66.40959961 -12.45421163 15.84058156
66.20990497 18.62837379 13.47916666
48.88145651 -36.75664203 45.07352940
46.66689674 45.41145106 39.50202588
-10.43172377 -75.06214991 2.71047939
-15.12179182 73.91235971 -2.81044977
19.13809152 -62.35461228 22.19518138
16.60009684 63.96375939 14.38291985
14.89460571 -58.74688358 -1.73506701
9.24749696 58.26437360 -7.65999384
-6.56960039 -65.43210023 25.99881381
-9.60334093 66.59031224 19.97887173
-19.00055049 -53.66792118 -7.86856698
-25.78177625 52.02282153 -11.42935855
35.69639206 -8.18007498 -30.57885570
34.61557048 -13.12184946 -29.00843296
32.70080440 -17.69412116 -27.10864860
30.53562042 -22.22076728 -25.19646743
27.96037714 -26.46189753 -23.26738661
25.01430532 -30.49182735 -21.64942280
21.59440623 -34.29878162 -20.15763184
17.88540814 -37.89873100 -18.92412084
14.04460280 -41.31415329 -17.54785460
10.10413691 -44.51606998 -15.94886829
5.85693874 -47.29068365 -14.30539747
1.34762002 -49.64618387 -12.69211618
-3.47750389 -51.32874203 -11.09891647
-8.50948054 -52.73188933 -9.99541327
-13.72283904 -53.55052174 -9.09018228
-18.96365773 -53.97146081 -8.09099659
-24.22305956 -53.96915782 -7.08958673
-29.46836636 -53.76961560 -6.07362627
-34.73604446 -53.48690524 -5.15697970
-40.00550013 -52.86283445 -4.32950929
-45.28335380 -52.01830783 -3.81989942
-50.52047299 -50.84712376 -3.75154528
-55.66584696 -49.30200051 -3.73944197
-60.74704591 -47.60004701 -3.86476572
-65.72608548 -45.70909046 -4.23433282
-70.52061020 -43.47663135 -4.86114066
-75.23705597 -41.11165327 -5.56289027
-79.39525047 -38.12639139 -6.82757967
35.11244950 4.56408492 -30.53654076
33.54535858 9.67694862 -29.34170661
31.59420789 14.48230758 -27.72654103
29.14384934 19.16960051 -26.45089658
26.06463743 23.50348829 -25.34463972
22.79560251 27.63520494 -24.20223537
19.26952300 31.56670461 -23.01179174
15.43803274 35.28054108 -22.07222124
11.34418237 38.67640818 -21.17480300
7.12039674 41.75267722 -19.74294692
2.95609609 44.86384477 -18.08432039
-1.45979930 47.70486480 -16.65468228
-6.42445825 49.62879581 -15.56411679
-11.52692230 51.15579177 -14.47729172
-16.82323151 51.90863304 -13.40021114
-22.10598703 52.44092883 -12.15444666
-27.37129537 52.53153283 -10.84137818
-32.62308558 52.31495416 -9.42920919
-37.83199344 51.56497588 -8.00340760
-43.07226010 50.54297882 -6.84574767
-48.35196712 49.42382731 -5.98141110
-53.63451372 48.16172041 -5.40234178
-58.90041653 46.77940377 -5.14434527
-64.01613850 44.95574483 -5.08306607
-68.94683425 42.71015600 -5.19372125
-73.66385854 40.10869423 -5.72449396
-78.31355127 37.44081475 -6.24277556
-82.16975398 34.06227812 -7.52135646
-102.46629050 -1.69283882 -27.27336720
-98.69998526 -1.76567401 -20.98562208
-94.86992176 -1.74426163 -14.70510764
-90.85779458 -1.73820379 -8.53631799
-86.68308314 -1.64255379 -2.48961480
-82.55160564 -1.43408463 3.59207157
-78.61746893 -1.20223761 9.81447352
-74.34930775 -0.98307502 15.82332596
-69.62086276 -0.75149304 21.45634132
-64.53282078 -0.52914883 26.73315115
-59.10490546 -0.32302356 31.63109746
-53.57865191 -0.11166333 36.44955624
-47.54871361 0.05959569 40.44229409
36.62458777 -2.22955675 -29.23166575
37.68041999 -1.78996530 -27.03073600
39.59135920 -1.42980369 -25.34673244
41.52036981 -1.10903681 -23.59163498
43.45144163 -0.85657028 -21.99729517
45.18277414 -0.71504233 -20.13462323
47.04453551 -0.43347340 -18.47955646
49.04134187 -0.13855376 -16.81238335
51.27067334 0.12113746 -15.46144450
53.34447665 0.35601329 -13.97852624
55.61958873 0.47118092 -12.74462328
57.72425487 0.42442985 -11.39434823
60.06743533 0.15900103 -10.34892784
36.51584334 -0.89530927 -29.02396111
37.81318033 -1.06559437 -26.94393501
39.64774992 -0.64525688 -25.28657284
41.43456692 -0.24278999 -23.54332937
43.15353904 -0.11193925 -21.73753108
44.91280284 0.10897433 -19.89085044
46.80907723 0.36253355 -18.25588621
49.03852622 0.53871269 -16.97246908
51.13302069 0.73626897 -15.43104432
53.25533557 1.06019735 -14.01889171
55.47180827 1.36403476 -12.67624605
57.71361896 1.66272797 -11.40242384
59.85986750 2.20206149 -10.28741022
-68.65683527 -34.24503944 20.22115547
-63.98228867 -37.40890079 19.17467667
-59.70124962 -40.62686571 17.02891723
-54.96525613 -43.17835590 14.98278645
-49.57242717 -45.11868920 14.02753486
-43.87253403 -46.53869878 14.21050841
-38.15123813 -47.21453346 15.25796130
-32.52285367 -47.09877861 16.84284130
-27.24335008 -46.64938080 19.39760775
-22.48265373 -45.66415078 22.63682423
-18.04289608 -44.00262943 26.02442277
-13.84871841 -41.93284953 29.49492732
-9.23925305 -39.95035116 32.44955733
-70.42226158 32.54502265 20.34182277
-66.09511967 35.73301794 19.58897343
-62.18977404 38.58909529 16.92678949
-57.69963473 40.89091735 14.47476629
-52.59533716 42.83477584 13.12896320
-47.19192986 44.36926862 12.64029944
-41.64209923 45.43784479 13.18449372
-36.15324689 46.10782550 14.60871658
-30.90588153 46.07752855 16.78272074
-26.01823903 45.57266290 19.52744891
-21.41704656 44.86595881 22.78794411
-17.04683609 43.68262260 26.18571350
-12.38381618 42.41442494 29.15078732
63.56342712 -1.60964747 -5.05246905
64.39393344 -3.58318991 -0.25974345
65.07846771 -5.75874481 4.49681461
65.74353343 -8.40722881 8.94169138
66.57442614 -11.20636189 13.25581902
66.89441807 -13.87103270 17.65494352
66.79616667 -16.72079847 22.01047458
66.06094118 -19.63512601 26.25552110
64.48811725 -22.46773779 30.20072731
62.09242328 -25.58766346 33.48305510
59.05913146 -28.56585960 36.42088513
55.55236109 -31.27468877 39.10178212
52.21431544 -33.98602166 41.97208027
63.06980640 5.21532378 -4.78724829
63.73655157 7.67150750 -0.23886304
64.55842297 10.51811938 4.04839369
65.37585702 13.67843654 8.14852984
66.19485274 17.25031534 11.90723529
66.67632809 20.71339154 15.74813138
66.29046903 23.92191656 19.76219660
65.14140870 27.17796710 23.61854587
63.44254819 30.56034624 27.09170146
60.96072612 33.78239253 30.11563674
57.81714980 37.00374246 32.65547717
54.33537328 39.91867768 35.04527900
50.58825662 42.68638242 37.22513538
29.53785648 -40.07732844 10.80176813
32.62751016 -38.37730905 13.85207697
36.32460326 -36.41253825 15.14174185
40.32388301 -34.15543189 15.81274991
44.16132962 -31.52500465 15.29560709
47.09940172 -28.63205633 13.14921590
48.97466254 -25.64467193 10.30748815
50.22369716 -22.92649315 6.91227972
50.54038276 -20.98765084 2.98912029
49.91507683 -19.72902162 -0.91112435
47.67186990 -19.70501570 -4.42028263
44.42285520 -21.30192339 -7.15470679
40.87646557 -23.86407343 -8.80296145
37.10491440 -26.61384780 -9.61819908
33.13638589 -29.08758047 -10.13658704
29.38731524 -31.96783479 -10.23063613
25.94285395 -35.04841283 -10.38916195
23.04578403 -38.49345470 -10.69240716
20.95756422 -42.08287897 -9.38635088
20.00303740 -45.18359161 -6.64791978
20.52108642 -46.51059647 -3.05729516
21.64155292 -46.05682632 0.90336094
24.02598208 -43.96773854 4.30801202
27.85012593 42.24936949 7.52438622
31.27037083 41.58679171 10.52614321
35.30939581 40.16411923 11.99902636
39.39259852 38.10186730 12.18039143
43.14383992 35.49904671 11.56236156
46.24364040 32.48672495 10.05895660
48.19390372 29.37065726 7.41160872
49.18218651 26.34136319 4.15026849
48.91616914 23.81398133 0.47228132
47.70527090 22.17881220 -3.52576493
45.26937471 22.07072355 -7.25130980
41.66361601 23.43045342 -9.70225065
37.81802269 25.26541951 -11.35031655
33.99493801 27.76937226 -12.22142414
29.99053892 29.95084761 -13.06344153
26.03246975 32.18057191 -13.37441474
21.98936347 34.27858485 -13.85996135
18.55739252 37.26746071 -13.56980985
16.39094042 40.82941215 -12.07144500
15.72717912 44.32557831 -9.38784088
16.53160344 46.29640257 -5.66290259
18.62740341 45.98604618 -2.16180713
21.42899545 44.51326725 1.14579872
'#5
-64.978190027 50.882515506 12.640825357
-62.173998374 -56.226008709 10.012572360
-16.333274490 42.741352675 8.327078134
-13.090649151 -44.467429141 6.228592274
-80.889301674 18.748339910 -10.028881880
-78.754513301 -23.633492103 -10.068632634
-94.570500786 33.348142484 7.482456453
-91.737086300 -40.418110310 6.210986099
-69.871174908 13.991962651 4.430011338
-68.069813414 -18.652259008 3.580285981
-64.325549889 8.055787703 7.732706901
-63.284699236 -12.247916810 7.349516120
-59.194983926 -2.226508160 12.328683376
-64.605907378 -2.425077542 2.711466704
-30.989620262 -0.795272797 -18.555496359
-35.199975114 6.182840348 -16.772120155
-34.857652525 -8.291842125 -16.663038281
-32.310807614 4.191941450 -18.661415561
-32.056004359 -6.259941445 -18.768252622
-44.522683928 14.007523778 -10.439393337
-43.212189110 -16.920492138 -10.562307443
-3.030263108 27.079708960 -11.951446922
0.284132440 -26.509980264 -13.640265828
6.908667546 26.634211226 -17.502290070
8.917069759 -25.496482771 -18.726960997
-49.537392796 18.082917967 4.135492307
-48.063646739 -21.640026530 4.046126796
15.296517162 0.420743386 20.433598067
15.468625251 -0.679800068 20.474979807
37.336613787 2.390828775 -5.329430937
37.562553387 1.029003773 -5.382887889
17.554692720 0.558605698 14.185174256
17.715420774 -0.771116358 14.159988372
16.104978405 24.810829876 -0.438459913
18.402676484 -23.533310111 -1.418228930
10.947987855 21.872261665 8.935903943
13.068199488 -22.319168200 7.475798150
27.596877795 8.035215384 3.336677131
28.474385935 -6.044721406 3.343656588
35.375358562 11.742240388 -15.820158436
36.462353970 -6.961032947 -15.218922726
27.379555913 24.308902757 -23.466239008
29.829915580 -19.835109380 -24.123246694
-3.490321674 42.704701623 4.430797018
0.549004209 -42.910677975 2.236055106
14.540963771 38.421111626 -7.267085232
18.347137295 -36.856419808 -8.907395200
8.573106535 32.775337585 6.987135100
11.310619190 -33.266500865 5.757763517
0.967439702 38.723803200 -9.630357371
4.856581788 -37.969957560 -11.948247911
-14.350860013 30.027696022 6.918512306
-12.747513577 -31.342484129 5.451304737
14.360551793 3.243295778 20.677332154
13.356002141 6.006024583 20.770530721
12.128700471 8.664355603 20.586570043
10.881831376 11.273075059 20.067189293
9.525054735 13.779162040 19.362272623
8.098464644 16.165562578 18.408753965
6.683079547 18.444041758 17.179605850
5.186254883 20.542897847 15.786622387
3.559946588 22.556337349 14.388570597
1.751459876 24.425418150 12.990985589
-0.319320661 26.073173003 11.679519208
-2.698840064 27.421926639 10.530790776
-5.292203013 28.472239282 9.529897387
-8.025047591 29.198566447 8.624238417
-10.821740323 29.727338226 7.809124607
-13.700681560 30.013251081 7.137271759
-16.612481505 30.009376586 6.525750181
-19.522278023 29.771815057 5.972970191
-22.425527024 29.284876816 5.546128093
-25.301719272 28.616148000 5.185687677
-28.154673045 27.880793371 4.802585923
-30.990208556 27.053606699 4.473831906
-33.803481771 26.147546163 4.165699578
-36.591527954 25.178049720 3.861599008
-39.347821961 24.095950785 3.649244112
-42.018300567 22.820755909 3.565253696
-44.618641258 21.400830952 3.517288057
-47.085299942 19.937942746 3.627089286
14.787039129 -3.580580177 20.417017251
14.116416815 -6.429932207 20.207170931
13.307119252 -9.183247469 19.770456394
12.267142334 -11.844469066 19.105394728
11.071321283 -14.392719998 18.276967481
9.779242798 -16.809526571 17.167356607
8.484603705 -19.120244906 15.818779692
6.971263416 -21.286077467 14.486084876
5.328136280 -23.368762519 13.182980379
3.626400373 -25.299868261 11.726798256
1.714576973 -27.065060745 10.320933631
-0.517666945 -28.584960715 9.169701054
-3.089425466 -29.702281918 8.191731531
-5.774318011 -30.584222682 7.265939014
-8.586640004 -31.169027677 6.466299641
-11.486700973 -31.447679669 5.804123723
-14.415604468 -31.448171146 5.241022040
-17.356923999 -31.230173076 4.790082424
-20.298484037 -30.898781261 4.405834027
-23.232599837 -30.464265943 4.057112193
-26.155783604 -29.924748616 3.794522665
-29.062654080 -29.312413301 3.609174299
-31.948498200 -28.604118792 3.490743052
-34.816277185 -27.798994156 3.402862740
-37.661379402 -26.916716408 3.289795986
-40.428312031 -25.828611268 3.248475113
-43.146707289 -24.635214681 3.236210965
-45.658518224 -23.148052559 3.597037528
-57.434363767 -2.072677517 9.766505685
-55.757682956 -1.947823078 7.224666273
-54.166697165 -1.870818568 4.686252910
-52.458106938 -1.775628097 2.207188721
-50.711909950 -1.675032445 -0.238959374
-48.761253793 -1.571004625 -2.504552502
-46.842498242 -1.509159049 -4.786753340
-44.825544540 -1.440193088 -6.968625998
-42.831606061 -1.358873824 -9.216893256
-40.712008914 -1.257676277 -11.323696718
-38.418534676 -1.132028773 -13.286206358
-35.993723398 -0.964748020 -15.122922493
-33.504196843 -0.896107108 -16.878154708
15.367513646 0.172916509 17.994199595
16.284886969 0.209774527 15.665587094
17.862279033 0.283938704 13.705812686
19.611082925 0.389422094 11.886165119
21.462447740 0.510210609 10.174715446
23.394335749 0.644478637 8.575502937
25.473442342 0.804953468 7.206735879
27.409939258 0.945737790 5.690330904
29.321377028 1.134086372 4.086982150
31.168068777 1.411505932 2.422693823
32.873543069 1.582268294 0.578491444
34.338190268 1.768549037 -1.446434797
35.774301646 2.073784530 -3.452609208
15.646515604 -0.543405542 18.008434105
16.484721780 -0.530287055 15.693077500
18.051739352 -0.403779163 13.702899157
19.814628391 -0.302116264 11.875019369
21.657895997 -0.165208936 10.136105535
23.640337458 0.003022354 8.604093445
25.687182350 0.162377498 7.160911219
27.665849236 0.260510854 5.702944510
29.601685272 0.397841508 4.118347968
31.424334545 0.490576038 2.409248292
32.995740978 0.582345290 0.412539822
34.445901378 0.826236836 -1.625097121
35.879376812 0.913540211 -3.629227803
-41.529896197 16.734209042 -10.828882617
-39.107442503 20.014680621 -10.454678684
-36.360757918 22.721005084 -8.960722789
-32.729002460 24.619355100 -7.914783840
-28.794599985 26.107052341 -7.275960826
-24.674266746 27.105642037 -6.901327267
-20.504270374 27.854080460 -6.906068660
-16.302803622 28.230141068 -7.292462751
-12.196894545 28.182326587 -8.186353410
-8.269971545 27.910746080 -9.780457880
-4.381561884 27.335655608 -11.453003719
-0.564267349 26.832957991 -13.247643406
3.173974772 26.699256830 -15.310809388
-40.021119165 -19.144528834 -11.018128480
-37.129041066 -21.953327799 -10.688483385
-34.178303360 -24.542315212 -9.551279323
-30.479031579 -26.397533564 -8.697721299
-26.473781316 -27.624671020 -8.162138934
-22.323445281 -28.398556310 -7.909614848
-18.120079673 -28.885460873 -7.851740258
-13.923278726 -29.054051866 -8.234779730
-9.856611169 -28.791770158 -9.224902836
-5.934850279 -28.110584597 -10.681204090
-2.138857646 -27.151345401 -12.357479871
1.633331377 -26.297516221 -14.157871688
5.246381089 -25.804339682 -16.361867067
37.670328492 3.671534781 -7.174713748
37.791770100 4.997592562 -8.993910829
37.519809933 6.432181350 -10.723013065
37.079595092 8.026997235 -12.274396629
36.551258962 9.600515060 -13.810530408
35.885464067 11.135931165 -15.348856461
34.961044157 12.646488978 -16.735037790
33.831867750 14.031239021 -18.131416208
32.750117701 15.430526819 -19.519903466
31.542233010 16.930970629 -20.645405867
30.309213956 18.567487131 -21.560823377
29.226891522 20.330937008 -22.455672968
28.278605242 22.279519380 -23.003207169
37.859812518 -0.238240918 -7.160679458
38.038307382 -1.358840561 -8.957911707
37.934350390 -2.610303696 -10.695055924
37.675406125 -3.986055220 -12.337320388
37.315018449 -5.464118418 -13.856088312
36.739620174 -6.953265900 -15.292063679
35.989160014 -8.386177910 -16.730363392
35.136394675 -9.849149971 -18.026490084
34.278183987 -11.269373342 -19.372370845
33.380368167 -12.709541912 -20.642681213
32.412081283 -14.257328252 -21.698614640
31.507409963 -15.942604697 -22.631260159
30.636230785 -17.768126637 -23.324030705
17.989727072 24.054619688 -2.536798435
19.967706491 23.224987782 -4.456664553
22.167553552 21.978901267 -5.662469793
24.419944188 20.353965946 -6.106880187
26.393539026 18.352902702 -5.881833452
27.841529890 16.065767985 -5.073767765
28.864043542 13.679041987 -3.965283147
29.294075299 11.494242592 -2.382820200
29.302660196 9.693830662 -0.369596650
28.500400825 8.579724682 1.931663401
26.801145385 8.306091471 4.068400891
24.768844001 8.492415031 5.938444036
22.604084388 9.344243440 7.463805632
20.386000114 10.738752948 8.546831977
18.241360220 12.510680983 9.239897212
16.213793534 14.413946859 9.804388451
14.317542624 16.505086532 10.030223945
12.612641979 18.729703176 9.735984274
11.380181933 21.042725720 8.971140298
11.080092660 23.303761728 7.554003953
11.300799738 25.060855130 5.640795900
12.374427600 26.027201188 3.538622356
14.159700033 25.702319475 1.492156659
20.366969462 -22.708892224 -3.663156244
22.340078793 -21.649493923 -5.495951400
24.436364459 -20.123537812 -6.701520097
26.397107781 -18.169683070 -7.238744407
28.065719963 -15.936261024 -6.992781281
29.423863571 -13.590191839 -6.228336222
30.330536477 -11.236554889 -4.994819953
30.624848238 -9.155257600 -3.157799517
30.404002641 -7.552001849 -0.923696440
29.527956026 -6.495399397 1.346239881
27.896140306 -6.479048426 3.573709623
25.909451506 -6.962668742 5.541358704
23.813979664 -7.905545032 7.114095053
21.849057560 -9.546289983 8.148907175
19.906596224 -11.497280128 8.807197116
18.061621428 -13.621495024 9.398370817
16.303888271 -15.885219423 9.549050205
14.826636252 -18.310481805 9.292149901
13.794843199 -20.710159929 8.335056093
13.325152107 -22.872264272 6.724608342
13.630139676 -24.414364785 4.640749553
14.562472699 -25.095301795 2.298835380
16.340310105 -24.562609389 0.387107281
'#6
-66.82941962 71.21978577 10.54710911
-66.58839335 -72.17491178 8.34251820
-18.23792093 49.65885087 7.55642617
-19.07917928 -51.02392194 5.96074083
-96.93994463 18.72613445 -9.57211167
-96.51147952 -18.20897797 -8.41897210
-110.23947092 37.35135585 2.28077896
-108.95885802 -38.85501799 1.74696659
-82.31638082 18.38339534 6.26171670
-82.26158578 -18.55529940 5.45857490
-75.66668553 9.94782341 9.47783072
-76.33352773 -10.95549517 9.34319665
-71.13817161 -0.90228196 13.67891099
-81.05182262 -0.33495949 3.96900792
-41.48652455 -0.37312415 -23.15948883
-45.20373488 8.11102454 -20.21523626
-44.80853654 -9.08384191 -20.47733282
-42.50119558 5.20687380 -22.78266804
-42.52791110 -6.74265112 -22.44936912
-54.05599806 14.70281965 -12.70173791
-54.29635504 -16.42476267 -11.82121429
-0.01251023 33.32860248 -14.99009930
0.21225060 -33.00729635 -15.02586644
11.45974255 33.06493804 -19.22344570
12.99148954 -32.21785891 -20.03754697
-57.70772766 24.10572732 2.63345813
-58.70316729 -25.53984000 3.06314258
22.75502034 0.45743272 27.25782174
22.72939594 -1.10439689 27.25114047
42.26139716 2.03436027 -8.72828348
42.64724193 -0.82096991 -8.64547484
26.08904378 0.79188329 15.37181640
26.12179324 -0.70871958 15.35682853
19.88129780 28.75929082 1.25122067
21.08738842 -27.89801418 0.50620704
14.32749746 27.82726066 10.12500557
15.05869318 -27.64342384 9.74563359
32.72358831 9.56925315 3.68954174
33.17397520 -8.61565213 3.39728513
37.29574037 15.97089035 -20.30444721
37.52583486 -14.65086796 -21.49770482
27.66508541 31.88190283 -28.50131029
29.17356189 -29.33611386 -29.57103485
-2.57243621 50.10650065 5.39935543
-0.60051974 -49.96451897 4.35494778
19.86880198 45.46514786 -7.78869465
20.75595085 -45.45951168 -8.35441238
12.24785535 38.87666155 9.21373072
11.94345292 -40.64985898 8.72402425
3.14364898 45.95205299 -11.43072078
4.45469830 -46.05254258 -11.58808509
-13.55376771 35.77749171 7.55339048
-15.50647117 -36.50315204 6.21223555
22.18226979 4.06243103 27.41375368
21.36129598 7.59985962 27.50905254
19.87035980 10.86083516 27.42947938
18.29562028 14.05181466 26.88466468
16.43724907 16.98847567 25.94923832
14.46934743 19.71071183 24.56647698
12.75000224 22.30891913 22.64197238
10.78670950 24.64737395 20.61668380
8.62339249 26.87749697 18.67256069
6.26871737 28.86832098 16.69904504
3.65761574 30.72472771 14.89200928
0.77846641 32.26859763 13.22086451
-2.27987322 33.56777898 11.68656804
-5.52648509 34.61336321 10.30793951
-8.91916330 35.35160171 9.08636766
-12.39833755 35.75862898 7.96197761
-15.95661588 35.80076783 7.02829259
-19.52505920 35.54847516 6.17383942
-23.10666652 35.04820989 5.53355029
-26.69024724 34.36105706 5.05571471
-30.26662193 33.64820818 4.56282409
-33.84318499 32.82085145 4.23206588
-37.40698219 31.89962219 4.02782920
-40.94855520 30.95335060 3.76421985
-44.40057885 29.81186662 3.40922397
-47.80505530 28.52205403 3.08999613
-51.16661382 27.10466146 2.86926837
-54.47268972 25.60645039 2.74599817
22.16719736 -4.76976178 27.17893921
21.43169033 -8.36587412 26.85370226
20.10525058 -11.75221715 26.19544191
18.38107665 -14.92361637 25.44423881
16.56627630 -17.88448123 24.29876075
15.03362299 -20.81118840 22.94927755
13.19917538 -23.55933534 21.42832258
10.79888019 -25.86168705 19.83967737
8.40249113 -28.03754710 18.07000309
5.96580338 -30.03033380 16.11191679
3.32983004 -31.88292936 14.29906756
0.44543407 -33.36135677 12.51508773
-2.62396000 -34.68103912 10.93334735
-5.83931083 -35.68000395 9.38542994
-9.21560783 -36.42278549 8.07462485
-12.77947345 -36.65318786 7.15774425
-16.42602375 -36.63718679 6.44121265
-20.09560207 -36.47038632 5.83903924
-23.77039862 -36.14746896 5.32642784
-27.44278122 -35.68219899 4.90892353
-31.10403605 -35.07756312 4.58100288
-34.74976230 -34.36470816 4.31130511
-38.39078755 -33.59975921 4.19941748
-42.01295312 -32.73864871 4.19017790
-45.58646211 -31.73527966 4.03406703
-49.09248361 -30.52798521 3.94058137
-52.56193568 -29.27809922 3.79911573
-55.70882090 -27.43846338 3.47522884
-69.58635672 -0.81003173 10.62949021
-68.08715518 -0.74178694 7.56887505
-66.53266311 -0.68152961 4.53936573
-64.84100647 -0.62551363 1.59524308
-62.97273304 -0.60135131 -1.22739648
-60.93061606 -0.62280299 -3.94104435
-58.72733782 -0.64469576 -6.54000598
-56.44030394 -0.63680842 -9.07225734
-54.08884096 -0.58954658 -11.54386918
-51.68431516 -0.51167152 -13.95895598
-49.20608579 -0.44844441 -16.28591410
-46.81231822 -0.41124313 -18.70866481
-44.21719908 -0.41737611 -20.90991833
22.86271840 0.31562724 24.20250013
23.57473002 0.28527737 21.32779899
24.69815929 0.25935024 18.63004060
26.19671416 0.27993842 16.07254478
27.89921422 0.41804177 13.67385640
29.59303929 0.44175455 11.26460740
31.10154297 0.54093909 8.73105438
32.65735349 0.81208151 6.21679189
34.27393466 0.88375532 3.69392483
35.74244740 0.93188919 1.08992534
37.26721137 1.07127603 -1.45707589
38.83050770 1.27568826 -3.98788826
40.57239189 1.61609204 -6.34144301
22.96313042 -0.78269066 24.22427422
23.84556873 -0.69871535 21.38269338
24.88033827 -0.69072486 18.62883628
26.30344543 -0.66528342 16.00310258
27.85433032 -0.50847559 13.54548311
29.42454240 -0.71492241 11.13763919
31.19074231 -0.53645014 8.80561275
32.76216538 -0.38015002 6.27491288
34.35583477 -0.44816784 3.76627981
35.76279375 -0.44543937 1.16372667
37.31641469 -0.34996708 -1.36980118
39.01342340 -0.31564586 -3.82794956
40.74574316 -0.46639202 -6.22659215
-50.40280673 18.24950567 -12.21578603
-46.77337002 21.93190671 -11.88126682
-42.80669787 25.27211372 -11.25897259
-38.41237749 27.95086986 -10.15844340
-33.64349204 30.02738449 -9.29534233
-28.64215873 31.66983624 -8.86678704
-23.48956443 32.79811857 -8.70425117
-18.27977263 33.49710354 -8.78928709
-13.10674460 33.82178303 -9.52924743
-8.12034363 33.78508513 -11.18587154
-3.30290481 33.51260526 -13.35344444
1.49055267 33.34786012 -15.53373134
6.41681324 33.29237839 -17.41727884
-50.65152194 -19.92406508 -11.84239787
-47.07274799 -23.79742746 -11.54841917
-42.66485403 -26.74121509 -10.71863805
-37.94141346 -29.12014056 -9.65190894
-32.99211420 -31.20098819 -8.91638370
-27.80833216 -32.64538917 -8.45351546
-22.50587617 -33.69908609 -8.40020670
-17.15755892 -34.33371922 -8.81182864
-11.87156102 -34.34657352 -9.89241386
-6.80667225 -33.90814655 -11.70580712
-1.89619105 -33.23247782 -13.89002736
2.97787041 -32.61083599 -16.15288600
8.01009345 -32.49619796 -18.16051560
42.16192390 4.56284375 -10.63383876
41.79812753 7.30752982 -12.06107061
41.04292181 9.79106322 -13.71765169
40.12672842 12.06563280 -15.67846661
39.09362429 14.01772743 -17.88204888
37.59603887 15.72786651 -20.06451224
35.78847073 17.45313658 -21.97547614
34.04560412 19.36947496 -23.74162770
32.27277553 21.40950372 -25.35986283
31.35999831 22.43294248 -25.89614286
30.76751531 23.36721450 -26.24093075
29.42060516 25.89372223 -27.16720961
28.40974956 28.77981681 -27.91162432
42.33463623 -2.54087496 -10.50047549
41.92002212 -4.69264790 -12.21331787
41.38989724 -7.08570739 -13.68833220
40.71255308 -9.15181883 -15.48482564
39.95805896 -10.89758209 -17.57939389
38.90084105 -12.50121770 -19.69189639
37.58542250 -13.91410716 -21.71360604
36.00955320 -15.63104417 -23.32930875
34.30841927 -17.32340360 -24.85332758
32.73004572 -19.28270128 -26.11838040
31.50293059 -21.56410013 -27.26348998
30.31998211 -23.92866113 -28.27859966
29.69435968 -26.56050712 -28.98513646
21.68524118 28.45745329 -1.59885963
23.87150968 27.60438286 -3.86535068
26.20381240 26.18848803 -5.30186210
28.37072213 24.68868150 -6.69126992
30.57953808 22.72014852 -7.25156187
32.46591582 20.28940666 -6.99154975
33.78700616 17.58796667 -5.96278709
34.55315191 14.89486794 -4.44098865
34.50391997 12.69702949 -2.38810040
34.07602750 10.97318417 0.11757467
32.86918142 10.37986676 2.92556693
30.96277083 10.36925482 5.16384507
28.82913375 11.62191270 6.85969881
26.56515440 13.28349160 8.42645103
24.12976410 15.15033605 9.49128905
21.94360135 17.47497437 10.25099891
19.73431934 19.87788987 10.50373727
17.78353839 22.45116634 10.30195219
16.45045700 25.34632808 9.73698508
15.30337696 27.71438462 9.11464354
15.42109920 29.74063630 7.75386880
16.38654278 30.99650029 5.71816638
17.80590094 30.56729046 3.24164720
22.74610131 -27.48453063 -2.15044756
24.64572034 -26.42254726 -4.52619174
26.82808727 -24.75369956 -5.76831673
28.95144513 -22.96836860 -6.59326676
30.95097713 -20.89234331 -6.91043359
32.72465534 -18.44890409 -6.64434857
33.79574745 -15.82907745 -5.50597129
34.34895333 -13.47150682 -3.70718290
34.40594329 -11.36662325 -1.56892005
33.93554734 -10.04338041 0.90770155
32.77776687 -9.81822197 3.42375405
30.84497351 -10.14251020 5.87384926
28.85595285 -11.32558331 7.89691755
26.65914864 -13.10748850 8.86569039
24.55720199 -15.22350695 9.72920866
22.52724416 -17.54647228 10.42618158
20.38742888 -19.88880792 10.37043377
18.19175629 -22.27710928 10.15677725
16.64983333 -25.05671075 9.70844760
15.96454431 -27.41133932 8.75215616
16.41055117 -29.07892611 7.30877216
17.27578192 -30.06377646 5.28149899
18.82499201 -29.52537697 2.89614008
'#7
-77.25853453 44.11429295 16.26234233
-83.62150468 -48.05079716 12.99946880
-22.08472647 37.32305485 7.08284513
-19.59780299 -38.70228563 3.64628516
-84.93996865 22.72765414 -10.93713368
-82.70196109 -23.92403900 -13.55782642
-95.59908122 27.30266768 -0.61883653
-93.85550203 -31.21866935 -2.66411205
-71.13782852 20.94669320 6.94266064
-68.86665997 -25.04695064 4.30486608
-59.75477431 10.71908863 3.92333903
-58.46030363 -13.05909299 2.15774814
-54.13052667 -1.24826785 8.73859569
-61.61356418 -1.11093114 -1.01445034
-25.78554905 1.34934947 -18.74812568
-33.34456815 9.06809884 -19.52877930
-32.72839101 -7.53585742 -20.17512640
-30.20355309 7.07757696 -21.85376541
-28.94329463 -5.00468784 -22.31580729
-47.45793278 14.51976361 -11.33591186
-45.70483072 -14.76393065 -11.58148765
-5.96916807 23.54658822 -15.70010768
-4.47874251 -21.66183870 -16.96223143
7.30268419 23.52420285 -22.09427096
9.20238190 -20.46818938 -23.68303788
-45.08489200 21.30067635 5.78065597
-43.78157394 -23.22642477 4.29719770
7.80694348 -0.16746885 28.31581211
8.46849829 -2.21663172 28.10112925
37.62093688 1.18498802 -1.53560736
38.03100459 0.59409685 -1.97984083
12.72516048 -0.03878652 21.10927795
13.02751105 -1.70875710 21.40913355
13.27671521 23.97097386 0.38761096
14.93406089 -23.86230365 -1.88416576
10.36694417 20.21682548 10.69777240
11.32390378 -21.58371207 8.58881257
30.33854453 7.35097446 0.67112596
31.54686699 -6.63966721 0.20611162
39.52270370 10.15149408 -18.15704729
40.62600412 -6.43161873 -17.46941691
19.14895530 21.99905935 -30.78866753
21.94716335 -16.14234061 -30.89623813
-5.60128707 37.94042025 3.46702157
-3.12892935 -38.75462780 -0.47586315
11.72405361 35.17634589 -8.62457828
14.43918959 -33.33934307 -10.66184830
5.19007025 31.09402168 7.05247613
7.31190049 -31.76917054 4.38340826
-1.83689294 35.70713599 -10.11880517
1.74992344 -34.68110794 -13.38136889
-8.55299018 27.45790193 10.27661343
-6.80691028 -28.67407416 7.52842594
7.35435935 2.26496408 28.15738085
7.00986679 4.80370977 27.45974045
6.76269271 7.27471130 26.44183557
6.75168111 9.41839857 24.91422092
6.56069287 11.52795733 23.30366119
6.05666849 13.57558053 21.64963911
5.26487974 15.61416355 20.08828524
4.17318910 17.66535376 18.71625947
2.80238601 19.63564473 17.49829768
1.35058122 21.50144260 16.30065061
-0.27704963 23.27574631 15.11419114
-2.09009446 24.90174655 13.93108286
-4.09770628 26.27187710 12.75495541
-6.32292667 27.21675336 11.55556567
-8.73318035 27.70353777 10.42446331
-11.24829178 27.96818111 9.42897435
-13.84671475 28.03202945 8.65199337
-16.50030766 27.90824421 8.15063572
-19.19720992 27.74514423 7.83163532
-21.89717729 27.57219149 7.57114487
-24.57826556 27.28134252 7.29562211
-27.24390927 26.81484229 7.02204784
-29.89536555 26.22623270 6.81094164
-32.54434136 25.59722803 6.69585159
-35.19139151 24.94798314 6.63097647
-37.81075210 24.21545714 6.53750975
-40.36197095 23.33912034 6.36001936
-42.79615836 22.32305853 6.03847526
7.78002710 -4.75536681 28.18163675
7.71251470 -7.25547695 27.19604981
7.98957032 -9.47876149 25.64315113
8.20992521 -11.64618869 23.98853547
8.05955665 -13.71100676 22.19737229
7.64299017 -15.73742541 20.41375380
6.86714259 -17.73056245 18.75308181
5.84138124 -19.66722937 17.18264476
4.65589624 -21.56015694 15.63372640
3.27179558 -23.39252170 14.15691479
1.62283459 -25.08277191 12.80531314
-0.18314156 -26.59902092 11.44592630
-2.13622668 -27.88576541 10.06134730
-4.30720119 -28.81969506 8.71736049
-6.69898250 -29.32811685 7.50729693
-9.25962243 -29.52240917 6.57021762
-11.92405722 -29.55022126 5.93447376
-14.63195295 -29.43444713 5.50760623
-17.35427363 -29.26657284 5.15273366
-20.07560920 -29.04529542 4.82568891
-22.78954249 -28.72175633 4.53804725
-25.49144420 -28.27882275 4.30995032
-28.17587689 -27.73419635 4.13253994
-30.84063173 -27.09409637 4.01937377
-33.48470057 -26.36717661 3.99399139
-36.10970816 -25.59448071 4.04112327
-38.71982107 -24.80718399 4.12893436
-41.31541615 -24.00700715 4.24350687
-52.37792693 -1.13984189 6.49627852
-50.63444528 -0.96883540 4.30961619
-48.85504940 -0.79284855 2.14785990
-47.01706945 -0.60880230 0.02998401
-45.10022092 -0.41700633 -2.02277775
-43.09482062 -0.22953775 -3.99863063
-41.01767093 -0.08058225 -5.90683712
-38.90813763 0.06364338 -7.77362018
-36.77995915 0.24323631 -9.60958519
-34.63871282 0.45502778 -11.42153835
-32.48782711 0.68404116 -13.21550211
-30.32918692 0.92032592 -14.99550675
-28.16526215 1.16090351 -16.76557324
8.69234527 -1.12651055 25.50274851
10.65467652 -1.00676996 22.90836135
13.34511058 -0.61550828 21.15584868
16.36901076 -0.29444940 20.07277178
19.42031288 0.14146122 19.17054946
22.39791750 0.29561254 17.97182231
24.78034748 0.52578591 15.83030660
27.04562921 0.88758515 13.54338428
29.17716421 0.94102623 11.17248717
31.30232451 1.11231549 8.91083783
33.26464300 1.52176441 6.43888614
34.52419828 1.79655895 3.44065420
35.91471596 1.83416627 0.63241550
9.67080104 -1.93792769 25.22063817
11.73973157 -1.68846834 22.86581064
14.26553607 -1.68656647 21.09034929
17.23755222 -1.70664411 20.20094862
20.27448928 -1.71969875 19.42039525
22.92052867 -1.73936824 17.76699036
25.21109642 -1.69131717 15.66389260
27.31727465 -1.57498026 13.34442044
29.32576567 -1.41811782 10.90744492
31.30589783 -1.22504934 8.42512012
32.84884162 -1.00048703 5.65926569
34.03689361 -0.75412812 2.72539119
35.57271569 -0.36885280 0.07414466
-43.06387611 15.54707749 -10.79306868
-39.06263056 17.05026231 -10.63621534
-35.64653678 19.05342612 -10.79616769
-32.12298512 20.96281084 -9.77172817
-28.61985687 23.20689504 -9.15331498
-24.44781188 24.29826185 -8.56497887
-20.08627193 24.69194191 -8.68062114
-15.84270306 24.58962227 -9.72105962
-11.98850145 24.31526509 -11.76924439
-8.36388950 23.86224893 -14.21153840
-4.60600783 23.41016919 -16.43523982
-0.59251991 23.25071372 -18.16688388
3.37223581 23.33813913 -19.99767200
-41.64852320 -15.98083606 -12.12457262
-37.68029762 -17.51699605 -12.17179248
-33.86884522 -19.41279017 -11.85351496
-30.76324568 -21.89838287 -11.43480159
-26.90266838 -23.63380345 -11.03602291
-22.67356386 -24.55737237 -10.70461036
-18.33312469 -24.67562774 -11.04268601
-14.12082996 -24.20806569 -12.15338811
-10.16457718 -23.44422969 -13.87716354
-6.43844031 -22.56093719 -16.02707407
-2.69219025 -21.84957968 -18.18602205
1.24376509 -21.31812506 -20.04295482
5.30652407 -20.83899397 -21.62498501
38.66180544 2.42469503 -4.82669564
39.47405088 3.70706014 -7.81346748
40.02907095 5.99568833 -10.13747286
40.46959542 7.94875154 -12.74101107
40.32348057 9.20459794 -15.75392995
38.91931873 10.16765668 -18.37388167
36.61756700 11.15188898 -20.40547981
34.30753283 12.31539254 -22.49994976
31.92652933 13.79211110 -24.36890627
29.24686105 15.23173795 -25.77329271
26.43626941 16.55323777 -27.06533401
23.52908505 17.73059646 -28.18796143
20.97956348 19.54619415 -29.24764459
38.75183950 -0.18767207 -4.60298031
39.77646975 -1.10375721 -7.32711221
40.57550930 -2.99096605 -9.63808788
41.01825697 -4.54890339 -12.28245011
41.09068047 -5.65550280 -15.13708807
40.17472893 -6.60520122 -17.83129339
38.29386840 -7.45890520 -20.01987646
36.17732534 -8.44634794 -21.96942076
33.90304574 -9.62914416 -23.70380542
31.62360016 -10.82166959 -25.44667342
29.15929394 -11.84239385 -27.05249398
26.55912217 -12.90179428 -28.40342354
24.16058319 -14.41928699 -29.67060949
14.49151959 23.59117721 -2.56316607
16.08770970 23.15586618 -5.31610696
18.22942426 22.51434032 -7.69717272
20.58288873 21.48863212 -9.68414358
23.09205422 19.85392843 -10.83611508
25.61372620 17.91397497 -10.96141737
27.82875164 15.78551092 -10.25514353
29.61745363 13.53964997 -8.89363888
30.74812712 11.32500542 -6.89465198
31.44975693 9.28553789 -4.51109696
31.00081311 8.27974197 -1.76116931
29.55548481 8.32434754 0.74029540
27.51997037 9.14903900 2.68416642
25.12972708 10.39658037 4.20446930
22.60281486 11.82240113 5.67675928
20.07100662 13.33871944 7.04407291
17.53204528 14.70958371 8.57845244
14.95108970 15.76468034 10.09160943
12.48821877 17.69652219 10.67247486
10.76847367 20.07438786 10.22217376
10.43093950 22.05749657 8.46174811
10.63321124 23.91186407 6.00271053
11.68601502 24.32784427 3.13866931
16.52879784 -22.77445368 -4.69914710
18.26254743 -21.79817030 -7.28089473
20.30337284 -20.70910319 -9.56660827
22.70444385 -19.35180770 -11.27550156
25.39764196 -17.69949445 -12.03474899
27.87972488 -15.61823468 -11.90029526
30.03371235 -13.41609661 -10.91165048
31.68199687 -11.28914706 -9.07981568
32.76657160 -9.28064185 -6.76940567
33.10107183 -7.58565972 -4.01551332
32.41530557 -6.69081368 -1.02021587
30.51834921 -7.32134200 1.31804064
28.24963874 -8.72276420 2.97327731
25.86218136 -10.45711664 4.18530460
23.41573647 -12.24427315 5.28724079
20.97274225 -14.04197387 6.49006842
18.54625699 -15.84437474 7.61905207
16.06489106 -17.40356010 8.81265208
13.38058925 -19.03648284 9.53404770
11.52201995 -21.41335481 8.87175689
11.40895542 -23.50784940 6.58082943
11.87260512 -24.78221783 3.67159691
13.20322704 -24.82949541 0.72912767
'#8
-79.94368491 58.79197569 19.59511689
-78.81457788 -61.92234328 16.87244497
-19.55413434 47.37157191 8.03043564
-20.59674615 -47.21821662 8.95119484
-97.34013382 21.87389589 -14.32515505
-97.82625109 -23.43084249 -12.78963672
-110.89695830 29.69090821 -0.84577835
-110.81019689 -30.57345737 -1.54441570
-88.68907927 25.62707697 7.94902371
-87.48928498 -28.50943344 8.10732077
-71.30742481 11.36263447 4.73311342
-70.73959924 -14.07567755 4.91481463
-64.18421313 -0.89308397 10.01820648
-75.95783513 -2.94807017 -0.22997435
-37.50815066 -0.57899076 -20.80392272
-43.11912556 6.11182250 -22.95513814
-42.25437329 -8.17142143 -22.45402336
-40.85773680 4.62355472 -24.08029611
-40.06017691 -6.37364371 -23.61631327
-53.49562279 20.45913710 -17.05042070
-53.71047914 -20.53596674 -14.79291372
-9.15149552 26.68376126 -18.77886990
-9.41747733 -25.87479811 -18.54212761
3.52278655 25.51600347 -26.59449586
2.75357070 -25.30634633 -26.55490178
-56.60218290 24.59322062 4.95853798
-56.66112194 -26.58196868 6.10016037
15.10448445 1.12549153 35.01253528
15.26083360 -0.90223073 34.82938683
48.38822225 0.60035748 -4.08428864
48.02675576 0.01638819 -4.13954553
19.16543779 1.45339012 28.00023101
19.64548190 -0.54067644 28.25527989
15.74096628 27.03269900 -3.15724561
14.64581453 -26.86922576 -2.51464504
11.38543363 24.91912329 11.33764163
11.37348546 -25.07546393 10.86117139
36.18665572 6.48783015 2.64344522
35.81808595 -5.98634826 2.33223321
47.29770892 11.38377662 -22.50892934
47.05793487 -10.69536334 -23.06943568
28.86908888 29.49452819 -33.93115531
27.69467084 -29.24699334 -34.99693218
-6.17675140 46.16995723 3.46018845
-6.31451289 -45.95731726 3.96850685
13.19332996 40.26417494 -11.09784782
13.05126993 -39.70994942 -9.94981435
7.65714725 36.72822243 8.07975032
6.37271094 -36.91580491 7.72156436
-2.81138881 43.00323407 -13.07921255
-1.78231735 -42.33345321 -12.68173722
-10.44910872 35.22559503 10.10467900
-11.24780984 -34.44133770 9.77057911
14.89448332 4.47706680 33.85269322
14.67025359 7.57181704 32.23206715
14.32254259 10.09747528 29.84082921
13.61980518 12.66910154 27.55461040
12.54798692 15.15542119 25.31579826
11.20069225 17.65431171 23.23810883
9.62477764 20.16957476 21.37000415
7.89963743 22.73559311 19.76975731
6.02932861 25.35689037 18.42604208
4.09794572 27.83462556 16.94184112
1.96919108 30.06429160 15.37096248
-0.58801734 31.99113679 13.98697187
-3.52341508 33.51581263 12.82959104
-6.68370972 34.55559391 11.74234861
-9.91623755 35.14620655 10.55891087
-13.16053571 35.40878396 9.27906339
-16.43878354 35.39685848 8.09819396
-19.80688277 35.15275861 7.19836625
-23.24413486 34.75205109 6.61850307
-26.69668409 34.22893906 6.25248700
-30.13650959 33.56962798 5.98941708
-33.55278852 32.77866827 5.73263192
-36.94606631 31.89074420 5.47469143
-40.32314343 30.93516790 5.25113141
-43.68021208 29.91287026 5.02851488
-47.00228324 28.78140695 4.84225186
-50.29444408 27.63270578 4.57117668
-53.50515156 26.38128681 4.72120860
14.79393127 -4.21077242 33.74474327
14.35839930 -7.28731755 32.25307312
13.84349608 -9.81294192 29.94812364
13.01093503 -12.11189094 27.52191443
11.80151996 -14.14885963 25.12403077
10.41794888 -16.56160899 23.11292123
8.84810218 -19.24579320 21.53948686
7.21245916 -21.92005960 20.00966512
5.66733836 -24.51862050 18.34985721
3.98158587 -26.97817024 16.70570503
1.92276777 -29.31732880 15.24453811
-0.60249594 -31.31863947 13.98505452
-3.56466844 -32.72710884 12.90495722
-6.72452777 -33.67372328 11.84733329
-9.94219628 -34.33735528 10.69509115
-13.17944990 -34.79426922 9.50671143
-16.45477744 -35.08781114 8.41271515
-19.80142296 -35.16953386 7.51123053
-23.22206391 -34.98767949 6.90025920
-26.67254238 -34.61116018 6.55501635
-30.12576236 -34.14350216 6.38168794
-33.56998769 -33.61518861 6.27550081
-37.00204502 -33.00461044 6.17756597
-40.41554455 -32.29778096 6.08042534
-43.80378132 -31.48715361 6.00110761
-47.13719040 -30.50153722 5.96058838
-50.47628804 -29.56817053 5.87839409
-53.62129959 -28.14705018 5.95071809
-62.65167405 -0.83829918 7.44815466
-61.14832967 -0.88987371 4.92594278
-59.69065411 -0.90177508 2.35434183
-58.11444495 -0.89086927 -0.14556780
-56.51799425 -0.87186279 -2.63284163
-54.95849879 -0.86759898 -5.14817471
-53.31620557 -0.85131381 -7.60791669
-51.45352671 -0.81539246 -9.90169582
-49.30179389 -0.76405097 -11.92569301
-47.00187878 -0.71204378 -13.78189417
-44.64379961 -0.66246666 -15.56505478
-42.24081285 -0.60638247 -17.28847541
-39.85167211 -0.56744983 -19.00915552
16.36475885 0.84209925 31.47323927
18.74534423 0.70516808 28.60498200
22.04224545 0.69634393 26.70820616
25.31566655 0.60895855 24.78952308
28.43530383 0.44143455 22.69091508
31.37664796 0.26780184 20.36852718
34.08473842 0.09273945 17.73899077
36.38932427 0.02472341 14.75840926
38.36478678 0.10325988 11.55465718
40.45882714 0.18279338 8.41072175
42.81334697 0.24908491 5.45662061
44.99230686 0.33046857 2.35744401
46.69899708 0.48433438 -0.90601315
16.73037530 -0.17069386 31.48472096
19.12432871 0.03157111 28.67027317
22.33203892 0.02203701 26.73605398
25.66618861 -0.12599493 25.06620515
28.57215586 -0.23243403 22.71155992
31.44393115 -0.28261666 20.35106390
33.82610778 -0.34137376 17.47140791
36.02974787 -0.22362163 14.52112659
38.14894164 -0.06844066 11.49056372
40.22202194 0.02304238 8.39448067
42.08372987 -0.07677786 5.12914098
44.02377581 0.10838440 1.93150265
46.00473596 0.12826276 -1.14364226
-50.05385585 23.02409491 -15.54630755
-46.53659656 25.36581008 -13.77123827
-42.47475142 26.99875443 -12.30247560
-38.15712121 28.35142838 -11.26094074
-33.66186836 29.36632196 -10.69534376
-29.05609402 29.98711988 -10.68244896
-24.45206578 30.20242402 -11.27848701
-19.97601450 29.81556954 -12.47523976
-15.82008146 28.87593774 -14.30037106
-12.00227685 27.76509516 -16.61965533
-8.27248745 26.74754111 -19.13139863
-4.35093922 25.99206825 -21.47191000
-0.45662941 25.69468796 -23.98330571
-50.24696610 -23.45162568 -13.75045517
-46.67462072 -25.98356411 -12.35372830
-42.48640209 -27.33060972 -11.07508747
-38.10196003 -28.61507863 -10.28900799
-33.57937046 -29.54033842 -9.90689160
-28.99691146 -30.09928017 -10.08592259
-24.43017189 -30.19234988 -10.82970124
-20.03966121 -29.60822389 -12.13404838
-16.01713771 -28.47566536 -14.09693213
-12.28377037 -27.05422680 -16.39578687
-8.58660108 -25.97153006 -18.92026565
-4.75669865 -25.47131022 -21.44346055
-0.96672179 -25.35010165 -24.07595901
48.79231007 2.30050473 -7.12936976
49.07947401 4.03015780 -10.34475882
49.45307084 5.96696047 -13.47734492
49.59067792 7.85789932 -16.62383292
48.65741672 9.46210505 -19.59605322
47.05552486 10.99968001 -22.21028158
44.62884929 12.48021805 -24.44200673
42.07714398 14.22463456 -26.44390525
39.73659662 16.12914940 -28.56941291
37.46738131 18.38529974 -30.25748901
35.30468640 21.08788754 -31.51931728
33.31025462 23.87254608 -32.96043142
31.12252275 26.70320941 -33.59180673
47.93071917 -1.52917153 -7.35449544
48.05336903 -3.14586071 -10.72924645
48.39751127 -5.32913867 -13.74770861
48.45985509 -7.39725340 -16.87417713
47.51275805 -9.21147796 -19.82171487
46.18865648 -10.67903164 -22.63050539
44.06949255 -11.96377889 -25.32120466
41.39272289 -13.37947090 -27.41254167
38.67298863 -15.21606100 -29.24069396
36.37839006 -17.58795920 -30.92698461
34.23843809 -20.29452736 -32.36371464
32.03279121 -23.18408198 -33.10190926
29.88760601 -26.08918728 -33.59187237
17.91062827 26.22511904 -6.56537033
20.19063381 25.39602457 -9.82474860
23.37778972 24.44030063 -12.12498347
26.91672844 22.88758650 -13.22521969
30.21694889 20.58688326 -13.11039921
33.29748812 18.01052028 -12.42514061
35.81453813 15.10557529 -11.13509141
37.47790470 12.03655471 -9.14935417
38.53874390 9.27065003 -6.45377315
38.43598281 7.42530008 -2.91286258
37.05485982 6.76959850 0.76972680
34.65505907 7.27056123 3.97110001
31.74517055 8.71003475 6.25190559
28.59176920 10.43146486 8.10192078
25.31716844 12.20734594 9.73827614
22.02403030 14.19129071 11.06345061
18.94225853 16.57473188 12.16953574
15.83947432 19.14757114 12.73516564
13.05891149 21.99936196 12.47017372
11.56763794 25.10124774 10.82836793
11.48456119 27.44833839 7.72960724
12.25216154 28.44531729 3.98189128
13.92746538 27.91387851 0.33665306
16.45904861 -25.87514219 -6.04910036
18.55765228 -25.04623129 -9.45443197
21.51803556 -24.32016068 -12.11130563
25.02462571 -23.05433472 -13.64359181
28.48931686 -21.01568311 -14.12765236
31.59551790 -18.47923086 -13.72277782
34.14479581 -15.56206655 -12.44462703
36.33302528 -12.60728091 -10.64668014
37.84673150 -9.75487534 -8.16399365
37.91036432 -7.70523007 -4.68238091
37.16700150 -6.48280923 -0.90746296
35.44351785 -6.29780233 2.59309832
32.60781950 -7.47594494 5.18781505
29.49959336 -9.14416875 7.27328192
26.27942747 -10.99426409 8.99757914
22.97279095 -13.02035546 10.25929229
19.77796936 -15.32671128 11.25510429
16.59158074 -17.79204668 11.89787613
13.52822870 -20.48441958 12.13432830
11.35448115 -23.67131645 11.26193832
10.84950550 -26.38023165 8.50827258
10.96175550 -27.79070950 4.78647592
12.63477019 -27.60467362 1.08963011
'#9
-77.77464371 56.11719916 9.62469560
-79.77015036 -54.32989182 11.29552994
-15.37549496 41.26597322 7.56189299
-16.70352450 -39.22405168 11.06979557
-89.94351972 21.77563078 -15.28113970
-89.11348058 -20.80398704 -15.90188001
-100.94235555 30.14959983 -5.79660857
-101.11879671 -27.95295962 -6.35303669
-78.85116297 25.58804315 3.01780958
-81.13629361 -23.75000107 1.43831709
-65.63939788 12.17348120 5.31675604
-65.84815499 -11.23369536 4.73996872
-59.34329435 0.84086571 10.66660584
-70.18769780 0.92716105 -0.35902396
-35.64009237 1.04533461 -19.79681000
-42.05838048 8.50398460 -22.15454531
-42.20955695 -6.59653450 -21.98036440
-39.49719022 6.60848084 -23.65788786
-39.69532578 -4.63197823 -23.23478249
-49.94713016 17.90196713 -13.77748677
-50.89548487 -15.96393541 -14.01499979
-3.97938181 22.48771953 -18.45013145
-4.27337711 -24.37965125 -16.86323463
5.13763672 22.40171361 -23.67240398
6.10027254 -25.75909741 -21.73550773
-49.51261018 22.16172182 1.23752261
-50.10011892 -21.45145318 2.15913231
14.62816830 3.43403128 27.95087274
14.01572525 -0.48706947 27.91130693
41.57750967 0.14285885 -1.34160448
41.55141939 -2.21593637 -0.90054382
16.76137901 2.04611909 22.80585590
16.68572762 0.70546214 22.88874585
15.28180540 24.14327905 -2.20651876
13.75450759 -24.80209887 0.97370914
12.28671959 20.99462101 9.84554288
10.72105038 -20.11967886 11.11011100
33.48735927 5.53744503 2.07961130
33.65636060 -6.66019020 3.04958163
43.68345916 7.01341458 -16.08978971
43.92753784 -10.96766512 -14.09374889
26.91495103 23.40334905 -30.44368043
28.19156112 -28.06546301 -26.54282135
-4.81031185 42.03930667 1.96587441
-6.61549969 -41.70099863 5.68924587
12.66905447 36.45237178 -11.47854843
12.34078162 -37.57798270 -6.53872318
6.40520125 34.01652508 5.49681600
4.62572093 -33.06846317 9.29742139
-1.40463990 38.29570288 -13.23130044
-1.29924604 -40.08228002 -9.66706613
-6.26006103 29.31071393 8.62304670
-7.35006558 -27.56616216 10.32896894
13.87486155 5.97987527 26.67068636
13.23391557 8.50280154 25.26992890
12.67094760 10.75710572 23.42109643
12.09938424 12.90869779 21.43891254
11.25464962 14.93182192 19.45922875
9.94489676 17.00853648 17.84530678
8.28975537 19.14912264 16.64862185
6.48324428 21.21411682 15.55029769
4.63657696 23.11864666 14.33625055
2.74011315 24.88395970 13.03865212
0.72992774 26.51248303 11.67828478
-1.50176851 27.87949428 10.28688938
-4.02531001 28.78393210 9.04432136
-6.78396894 29.23885421 8.11981586
-9.63893575 29.38987325 7.37113120
-12.48602039 29.45292046 6.50866143
-15.29702686 29.39917541 5.49674433
-18.13227231 29.17951936 4.60883682
-21.05618065 28.86562936 4.10840320
-24.01326398 28.54001187 3.85201495
-26.97750663 28.20390132 3.67422475
-29.93937062 27.81626410 3.53566299
-32.89358017 27.36794083 3.43706997
-35.82948214 26.83428372 3.36862222
-38.73177917 26.16366770 3.22250068
-41.58802787 25.39378851 2.93875345
-44.36425005 24.55352448 2.60048640
-46.95465425 23.40222679 1.94113736
13.06159203 -3.02647147 27.06784682
12.20840793 -5.55620585 25.93774104
11.87309008 -7.77324696 24.06200417
11.30133476 -9.85944910 22.13636547
10.33960921 -12.10483903 20.48718033
8.93903427 -14.29349735 19.13266745
7.51281611 -16.57362777 17.98798699
5.77799315 -18.70137617 16.83835500
4.08790920 -20.72620201 15.65350385
2.33746286 -22.63104123 14.45517505
0.25103097 -24.36613378 13.31638533
-2.11392365 -25.81771394 12.28090905
-4.64699447 -27.07870494 11.34941953
-7.36215560 -27.93391163 10.47029094
-10.12995386 -28.37866896 9.47543081
-12.92238749 -28.53798914 8.45229364
-15.75122001 -28.49367723 7.50765171
-18.63076741 -28.34187838 6.74106739
-21.55699642 -28.14067536 6.17557777
-24.50266212 -27.86763842 5.73161349
-27.43497050 -27.46805904 5.31126290
-30.33695764 -26.92609946 4.89548678
-33.21946605 -26.28216183 4.52209473
-36.10055923 -25.58579703 4.23127770
-39.01012791 -24.92671425 4.07306092
-41.91406838 -24.26245175 3.85971076
-44.77528913 -23.65042472 3.49686032
-47.42759641 -22.62417306 2.87588944
-58.19866118 0.79055812 8.17036817
-57.01238821 0.77829612 5.61567482
-55.57841100 0.78598803 3.20320910
-53.79840667 0.81333533 1.04679332
-51.88601013 0.82900064 -1.00108313
-50.23457163 0.80897601 -3.29227075
-48.90154753 0.82608946 -5.77896936
-47.65033597 0.89683211 -8.29460460
-46.04006857 0.96942687 -10.54147551
-44.19602273 0.98064007 -12.64084424
-42.28645917 0.96388342 -14.72228402
-40.52171080 0.96475176 -16.91591131
-38.18282957 0.99964463 -18.42720230
16.38424628 2.69715943 25.21101720
17.71542814 2.36821897 22.75414412
20.52944708 1.97415425 21.14520269
22.77630205 2.02120677 20.78608120
23.84686247 1.96510144 20.74949245
26.79750206 1.43437519 19.34199707
29.36229333 1.00399733 17.28454748
31.70596833 0.70005055 14.97535012
33.88402632 0.49319696 12.49348622
36.17873626 0.81121880 10.16210557
37.83092973 0.77711009 7.28009584
39.12290449 0.48308879 4.24730250
40.35472478 0.15020104 1.18898808
15.71771764 -0.02885292 25.54915069
17.64271687 0.25651317 23.38767662
20.10664385 0.25620672 21.95244419
22.77753895 0.22140063 20.75157849
25.46640776 0.05210195 19.60034708
27.88541582 -0.20104041 17.98783201
30.07238254 -0.46357201 15.99691720
31.98891088 -0.82458278 13.76184411
34.12147380 -1.24691595 11.71699597
36.08881818 -1.58518638 9.51856263
37.54878162 -1.89573017 6.94634970
38.94181875 -1.97213622 4.34911813
40.26802530 -2.00235800 1.59819114
-46.24506132 19.92937798 -12.91178499
-42.42601996 21.79310291 -11.97423385
-38.56950824 23.47561759 -10.98975892
-34.49264905 24.78909999 -10.30122633
-30.19784783 25.53156042 -9.88227104
-25.83452830 25.90259842 -9.69618997
-21.46571757 26.14684137 -9.89162977
-17.24589580 25.93442309 -10.93754649
-13.39977978 24.97958018 -12.72242779
-9.80553166 23.68803509 -14.86610709
-6.23795893 22.77818022 -17.21634872
-2.63685062 22.11606469 -19.59834551
1.22353992 22.14747513 -21.67175839
-47.55961359 -18.56823564 -13.21228431
-43.98546099 -21.02118949 -12.26548272
-40.09306752 -22.95317777 -10.91127021
-36.00188614 -24.44511674 -9.57926347
-31.63571090 -25.49735843 -8.74583642
-27.14458684 -26.33359930 -8.39208540
-22.59976335 -26.72727981 -8.61381456
-18.15677120 -26.63562978 -9.59311658
-13.97188834 -26.00142013 -11.33354837
-10.05675068 -25.26960373 -13.60041796
-6.18789662 -24.81590106 -16.02698609
-2.20165752 -24.12218734 -18.14770119
1.92168232 -24.51274897 -20.02536739
42.08103149 0.94108896 -4.39600506
42.40139019 2.14358963 -7.28973428
42.81215951 3.66224411 -10.02509348
43.16163658 5.34471835 -12.69664875
43.48406398 6.69017403 -15.51696462
42.57252012 7.94573692 -18.20909474
40.51608407 9.53556495 -19.87662083
38.47155176 11.02137650 -21.65391078
36.40986864 12.71179189 -23.36961784
34.50101062 14.64408088 -25.03436851
32.42028343 16.72171197 -26.24739577
30.38126424 18.84805370 -27.42286691
28.60711268 21.07791682 -28.86423101
42.24803296 -3.54656326 -3.62491981
42.92545366 -4.99902714 -6.26030056
43.36455271 -6.98749918 -8.56123087
43.88325319 -8.76703705 -11.03370710
44.31597741 -10.40444670 -13.58868785
43.15871776 -12.03276740 -15.85939147
41.12813467 -13.61018562 -17.52970011
39.09647249 -15.26789978 -19.11040908
37.13620541 -17.07876088 -20.60344237
35.17351641 -18.90717059 -22.09406808
33.15815697 -20.88849754 -23.28943281
31.30952712 -23.10680357 -24.30365736
29.73450793 -25.53444504 -25.38370154
16.70312893 23.48006588 -5.40739500
18.23207066 22.77425550 -8.59822322
20.49237202 21.88699934 -11.18044709
23.46288928 20.50615985 -12.57443651
26.47386499 18.58172667 -12.84929630
29.17851028 16.27892751 -12.30642785
31.41169071 13.66316110 -11.24654610
33.05612274 11.04495639 -9.41632069
34.49232866 8.63929992 -7.16616732
35.23688674 6.80973471 -4.19047812
34.88232883 5.39510973 -0.90897561
33.38032041 5.69208924 2.23693366
30.90027536 6.76234235 4.51537629
28.18528212 8.63269708 5.92849713
25.47042844 10.67120092 7.15194348
22.62783308 12.70063750 8.07767643
19.82778132 14.74098669 9.07043718
16.97043249 16.69562216 10.06673331
14.10671005 18.79267480 10.53171577
12.08702560 21.56531322 9.71862209
11.80110778 24.07152290 7.22914347
12.04711954 25.51797141 3.98461606
13.45757030 25.07168099 0.74729261
15.30268381 -24.39815215 -2.12633674
16.93878864 -24.12287578 -5.34461645
19.21757491 -24.02057784 -8.08343341
22.33234896 -23.33702217 -9.73137745
25.63004325 -22.01844097 -10.42788269
28.39301869 -19.74784240 -10.05631474
30.85235078 -17.19901126 -9.30216926
32.93522579 -14.56569703 -7.96079704
34.46830512 -11.86472022 -6.11797204
35.17752169 -9.36059545 -3.67964046
35.29363027 -7.26907936 -0.79801650
34.07291862 -6.36912754 2.43151113
31.72020067 -7.06676025 5.03078608
28.92835552 -8.43495118 6.83542132
25.88676044 -9.96687021 8.10034294
22.82595397 -11.58131308 9.19430806
19.74886710 -13.13292876 10.31077760
16.72513910 -14.89949352 11.22787800
13.78400403 -16.92312720 11.67547534
10.99340803 -19.11035632 11.46655519
10.08024176 -22.03569191 9.75996826
9.94419077 -24.48868150 7.26855767
11.48395520 -24.97582036 4.12828741
'#10
80.22864098 60.12074978 -5.80075814
82.46331843 -58.47391053 -12.47419646
26.90126513 43.18951797 -2.84582753
28.41441298 -42.22040790 -8.48887705
94.42930923 21.56293386 17.79259871
94.03036396 -22.76169309 14.87058095
110.78953466 34.62152000 4.68295227
111.20694572 -33.19177123 1.59727698
86.66238459 27.32729067 -5.14455769
88.43248770 -25.70350909 -6.25379596
70.22300607 13.02299719 -6.67905727
70.61374033 -11.47001555 -7.70217874
64.16013623 1.06842807 -13.90732088
74.53890381 0.57013914 -0.62149966
30.83757432 -0.74897957 17.18817338
37.45292271 6.42372060 20.91372032
37.31602261 -8.20188465 20.27914896
34.71752483 4.40105751 22.17575735
34.74022320 -6.39262087 21.28599572
49.27288943 15.84858204 12.98517840
49.54637834 -16.58925373 11.65100507
7.74737523 22.13731152 19.16334510
7.79867544 -24.51096277 16.50134770
-7.12060768 20.48797209 26.97430370
-6.41505629 -24.07844091 24.24379725
52.60184180 22.77186033 -3.64637321
54.60843672 -22.69499365 -6.05465582
-12.35270580 3.24206478 -31.51628106
-12.54502296 1.65713694 -31.30006913
-43.36828121 1.64028909 -1.94573622
-42.92931155 -1.74401113 -2.10312842
-16.03655549 2.94784556 -26.12606778
-15.97313719 1.37213395 -26.13859938
-15.77582705 24.09177337 4.69547724
-14.41807980 -24.40944794 1.18252536
-11.71325905 23.12227569 -8.06367028
-10.80692575 -21.93868357 -10.54738933
-32.18501768 8.45224275 0.76327022
-31.51573033 -9.25057710 -0.73811007
-46.53965228 7.66574419 24.34996112
-46.15834960 -11.91076774 22.90309620
-33.63519064 17.53436283 40.70180541
-33.26111339 -21.95070842 37.59256302
4.50970132 43.70507332 2.19759249
5.24647690 -43.83421106 -5.56158636
-13.43590628 37.51823519 14.51491150
-12.68578489 -38.92461599 9.08741568
-7.67476729 34.57322526 -4.08294435
-5.49238317 -34.38322805 -8.71302018
1.05064923 37.47282863 16.39935708
1.64456825 -39.89390637 11.35352326
9.77977319 31.36768344 -5.12102521
10.36200592 -30.20805114 -9.09008925
-11.82183823 6.26838626 -30.65622150
-11.30595916 9.23036918 -29.56446607
-11.28321257 11.56397731 -27.47373211
-11.10482670 13.85545043 -25.24727594
-10.78541307 15.83082555 -22.72484929
-9.90567123 17.89469376 -20.42158800
-8.58612667 20.09723750 -18.47386729
-6.86000107 22.16730685 -16.72712395
-4.82685709 24.15137805 -15.21113881
-2.91921998 25.93897788 -13.38064965
-1.07540423 27.70147411 -11.48460718
1.03295759 29.24150677 -9.62075216
3.42237327 30.45913461 -7.87772935
6.13671320 31.22754372 -6.42285287
9.14547800 31.52513457 -5.37772139
12.29081815 31.52664160 -4.69083352
15.46644128 31.33734958 -4.16011577
18.63915797 31.02245121 -3.66456394
21.81453557 30.62966325 -3.25817915
24.99603726 30.16543162 -3.00156284
28.17877067 29.63491325 -2.90626663
31.35769331 29.06445312 -2.87609696
34.52718621 28.47568432 -2.78060167
37.67162937 27.79689038 -2.66127882
40.79539690 27.02947003 -2.72745054
43.88721706 26.18040713 -2.84574674
46.92511977 25.28652478 -2.78953515
49.84418005 24.04868458 -3.14977654
-11.78608395 -1.51472201 -31.17844991
-11.05099177 -4.58593351 -30.41589120
-10.93266240 -7.17385580 -28.47720433
-10.72189772 -9.71296960 -26.42886707
-10.28137898 -12.14120385 -24.25694097
-9.34846529 -14.47335398 -22.14473138
-7.95672089 -16.79853502 -20.29724637
-6.17086708 -19.15540538 -18.86712812
-4.18436990 -21.44796954 -17.62591649
-2.23632719 -23.73465290 -16.37148183
-0.39453509 -25.88119939 -14.82610280
1.76573238 -27.71877965 -13.26376556
4.39414382 -29.08449839 -11.86109857
7.25897052 -29.94195270 -10.54012858
10.25576202 -30.49061891 -9.34256654
13.40546103 -30.71908692 -8.44132092
16.64412779 -30.73315520 -7.85596847
19.91375625 -30.64043848 -7.46727019
23.19357478 -30.42265284 -7.22581066
26.46353406 -30.05318376 -7.06754098
29.72129580 -29.58133549 -6.93637343
32.97608898 -29.08008105 -6.81193383
36.23198586 -28.57278792 -6.70227454
39.47626269 -28.00104720 -6.64393452
42.69511420 -27.33718611 -6.63453717
45.86625555 -26.48223871 -6.61274440
48.97161321 -25.60908201 -6.52443463
51.88546092 -24.19084856 -6.33774090
62.10566275 0.98516959 -11.21487395
60.14403280 0.88089088 -8.61433827
58.11034489 0.70712271 -6.06069186
56.06447204 0.56031565 -3.51575119
53.74673874 0.46457343 -1.25989672
51.57137387 0.31122776 1.15282765
49.19010777 0.14804981 3.37552328
46.70646121 -0.03998024 5.49472860
44.16312404 -0.22606320 7.54568665
41.59361147 -0.37967016 9.56852719
38.99584019 -0.48457411 11.55994084
36.41443579 -0.50739922 13.56486555
33.70779925 -0.59759447 15.40511082
-14.20266530 2.54640859 -29.12837324
-16.61875484 2.15393421 -27.05897078
-19.37176113 2.12132544 -25.52421707
-22.51028255 2.20474908 -24.68144146
-25.41690175 2.30442760 -23.57215115
-28.09814446 2.44604463 -21.97483484
-30.88515874 2.30204330 -20.21019282
-33.39706885 2.18813216 -18.07683057
-35.76525708 2.07365679 -15.82433798
-37.83253703 1.97053308 -13.32073836
-39.25172634 1.77819796 -10.35739031
-40.01504928 1.54086107 -7.19881862
-41.51020427 1.52027857 -4.46672131
-14.59012078 1.54944144 -28.53886645
-17.11645792 1.36027742 -26.62303915
-19.68103989 1.37282750 -24.93257356
-22.86963373 1.43471360 -24.50134987
-26.05283309 1.43057014 -24.11770249
-29.05715201 1.38792427 -22.92643705
-31.60798507 1.19944083 -20.88382734
-34.22555981 0.94390881 -18.92274843
-36.48960613 0.85980513 -16.54529748
-38.41205920 0.93119419 -13.94353480
-39.69634697 0.57510691 -10.97155221
-40.62406179 0.07202253 -7.95100292
-41.56773129 -0.75547143 -4.94271578
46.19447022 19.04086249 13.08504936
42.54030760 21.53477482 12.63202750
38.25150230 22.80404822 11.85866995
33.86250691 23.91320953 11.44485146
29.42027082 24.81034098 11.53111548
24.95053563 25.27158598 11.99825503
20.51935067 25.04712122 12.80916294
16.30351327 24.35718924 14.22026235
12.40139046 23.41663857 16.31441055
8.58905652 22.40947787 18.58446192
4.64425792 21.56047918 20.66590225
0.47627740 20.91252668 22.31816824
-3.47039848 20.60491965 24.43336537
47.17427869 -19.93205783 10.31585060
43.90949915 -22.57875373 9.29480879
39.68003545 -24.17393140 8.79068597
35.28966954 -25.47217089 8.55524731
30.79082296 -26.34880349 8.46198313
26.31457951 -26.82120972 8.73045197
21.90374389 -26.84438132 9.62249637
17.63251181 -26.37125735 11.11652962
13.58058112 -25.70830470 13.13096506
9.67708558 -25.04409809 15.47442859
5.69420760 -24.39171891 17.67589914
1.46418029 -23.90033852 19.30219732
-2.53933872 -23.92380522 21.50961205
-44.45618637 2.86033229 1.60428005
-45.64949452 3.66759396 5.18182803
-47.08715508 4.28159200 8.71481912
-48.62449907 5.08095634 12.19837217
-49.60889452 5.93746222 15.77301371
-48.92035956 6.77801524 19.18141394
-47.14244181 7.46859083 22.34443556
-44.81482859 8.12224212 25.35075511
-42.48098991 8.70367694 28.35185631
-40.45677594 9.29448688 31.52985451
-38.80113145 10.53733775 34.70629380
-37.14048222 12.57546670 37.24066013
-35.30886667 14.96607332 39.03769934
-43.90811358 -3.56484979 1.30074326
-44.93763958 -4.95562805 4.52924593
-46.21028167 -6.23268332 7.76243631
-47.57524292 -7.48857029 10.99474180
-48.46908547 -8.74281047 14.31078530
-48.05629981 -9.96251305 17.50901951
-46.79699035 -11.21877671 20.50074061
-45.13783749 -12.29472746 23.50918456
-43.11537178 -13.13526429 26.44173392
-40.77758279 -14.14350775 29.11813441
-38.91568089 -15.69260307 31.92393705
-37.48662656 -17.60734796 34.68152511
-35.55560084 -19.74532030 36.36664501
-17.36741632 23.24290089 7.55738297
-19.14227759 22.35535154 10.25590697
-21.37023307 21.40038647 12.50355153
-24.00424477 19.91483500 13.76918385
-26.78324980 18.11556655 13.91721337
-29.30931961 16.06360656 13.23819830
-31.27998041 13.83080811 11.73889704
-32.73818106 11.55768626 9.76305068
-33.61546225 9.60223976 7.22325615
-33.52204885 8.69243778 4.09770347
-32.32978334 8.80739847 1.02888466
-30.32565123 9.44321311 -1.57759110
-27.94825215 10.45324976 -3.70866209
-25.36313934 11.90730324 -5.23893482
-22.75446068 13.73741210 -6.16398449
-20.12061459 15.46266579 -7.27073326
-17.37401568 17.08003522 -8.30589626
-14.75475674 19.01837370 -8.94683886
-12.67934724 21.51809337 -8.73275448
-11.71556302 24.06985026 -7.03304988
-11.96002379 25.60111771 -4.16543866
-12.65605561 26.21023800 -1.01306160
-14.10015046 25.34932625 1.86530053
-15.85429051 -24.00930523 4.29970181
-17.45368523 -23.71767128 7.26264007
-19.55812803 -23.18010255 9.82173564
-22.27800855 -22.27960398 11.53913996
-25.19086082 -20.70761665 11.93271207
-27.78741303 -18.63087105 11.58862054
-29.96585643 -16.32336995 10.50915213
-31.63917456 -14.05206661 8.68198392
-32.92305865 -11.90181473 6.48104552
-33.04901108 -10.31184850 3.62363337
-32.22735569 -9.50920369 0.62982063
-30.23420144 -9.44884966 -1.98862898
-27.78733404 -10.17274461 -4.14797797
-25.11621247 -11.27400959 -5.83813101
-22.36412671 -12.71646858 -7.13018722
-19.71705753 -14.34956347 -8.37969622
-17.10652876 -15.70088478 -9.98545350
-14.36799084 -17.30057914 -10.98094490
-11.94249400 -19.53447136 -11.06678029
-10.77642309 -22.30648219 -9.94424221
-10.84654620 -24.44728447 -7.50984393
-11.37092463 -25.70611897 -4.52466781
-12.69827347 -25.35268467 -1.56609788
'#11
-72.8265842 46.8181496 17.5715194
-74.2190858 -47.0218942 17.1778954
-18.9334281 39.6194169 7.0962568
-17.0719850 -39.7357073 5.9315364
-84.6172494 19.8718418 -13.7091826
-84.3262246 -18.8396128 -12.9010301
-98.2400864 29.6562425 8.8848622
-98.8885631 -30.1036575 8.9681539
-72.5894077 21.3031755 9.0113925
-72.6842877 -20.3324219 8.3714093
-60.9095431 11.5721958 5.9864791
-60.3466871 -9.9800541 6.2046870
-54.3995688 0.8189073 10.1591257
-63.9205081 0.9214576 2.6958517
-31.2190382 0.8326078 -20.5288547
-34.1766223 5.4684809 -21.4821107
-34.3595655 -3.7539863 -21.5392881
-32.6305042 4.3812371 -22.2424991
-32.5170238 -2.7449221 -22.1025903
-46.7367341 14.4736240 -12.1274009
-46.3810264 -13.7939948 -12.9137915
-8.7600996 20.7479477 -15.0410925
-8.8541133 -20.0582495 -15.9724820
1.0128272 19.4826521 -22.5066420
1.0526855 -18.4133469 -23.8180977
-47.2716286 23.1079971 4.8480943
-48.6717188 -22.0930615 5.3391520
10.3115234 -0.2230835 31.0358478
10.1032851 -2.9211178 30.8357583
42.7471007 1.0957508 -4.2941672
42.6767780 -0.2996042 -4.6025639
14.2935643 -0.2809170 25.6502430
14.3929810 -1.3395502 25.9585913
13.5361785 20.9022488 -0.8007570
13.1206009 -21.3842381 -1.4486316
10.8987844 18.6251391 8.9950973
9.9818263 -21.0146337 6.4687508
30.9607557 6.4714223 -0.1032523
31.2897705 -6.6462545 -0.2030947
41.0758187 9.1219822 -21.0915864
41.6907512 -8.2462820 -20.6890501
25.2748814 20.1649150 -32.0190499
25.3305186 -19.0910907 -32.6113905
-4.8334520 38.7806308 1.8813594
-5.3117346 -39.2493580 -0.1070871
10.5584060 34.9259482 -10.4860099
10.5676382 -33.6676301 -11.3087075
6.1556062 31.2955099 5.1764611
5.2459640 -32.2257995 3.9828387
-2.6869624 36.6779852 -11.3687787
-1.7195576 -35.4514441 -13.8908973
-11.0835488 28.2034624 8.4468064
-12.4862999 -28.7496850 7.0390518
10.2986810 2.5837679 30.2589977
10.2108477 5.2580198 29.0847424
9.9859331 7.5805239 27.2825711
9.6827963 9.6455366 25.1797979
9.4297164 11.7148526 23.0756958
9.1001664 13.7724330 20.9895525
8.4796712 15.8090217 18.9610070
7.4165032 17.8333734 17.1181261
5.9420047 19.8080894 15.5527000
4.2243099 21.7372917 14.2479633
2.3822498 23.6591095 13.1251355
0.3154366 25.4256539 12.1641009
-2.1466448 26.7037940 11.2748725
-4.8177892 27.5625108 10.4278797
-7.5822768 28.1460932 9.6211196
-10.4056219 28.4941631 8.8498261
-13.2743347 28.6048116 8.1600793
-16.1655901 28.5587025 7.5768310
-19.0710718 28.4339214 7.0914637
-21.9868206 28.2329077 6.6897736
-24.9088403 27.9434503 6.3632794
-27.8336988 27.5622882 6.1398664
-30.7557940 27.1370260 6.0605979
-33.6806310 26.7257134 6.0519307
-36.5942185 26.2223435 5.9985352
-39.4489506 25.5918021 5.7770366
-42.2248148 24.8472898 5.3890805
-44.9357306 24.0228396 4.9009759
10.0816716 -5.6616455 29.8670492
10.0714103 -8.1531729 28.4127815
9.8409648 -10.1546018 26.3906304
9.6253249 -12.1039246 24.2516689
9.2968160 -14.0730064 22.1479263
8.7686468 -15.8963374 19.9614015
7.9625405 -17.8114738 17.9525496
6.7204872 -19.8097356 16.2467936
5.2583144 -21.7111279 14.6245649
3.4960237 -23.4343450 13.0802943
1.4720339 -25.0226764 11.7131094
-0.7332701 -26.5334995 10.5669630
-3.2159668 -27.6996580 9.6046612
-5.8995944 -28.4467182 8.6989061
-8.7153616 -28.8601910 8.0193193
-11.5991262 -28.9657300 7.5119947
-14.4872790 -28.9132222 7.0300619
-17.3804622 -28.7212305 6.6639937
-20.2564555 -28.4004490 6.3384926
-23.1235959 -28.0032219 6.0397954
-26.0099488 -27.5956081 5.8135169
-28.9137866 -27.1941788 5.6655486
-31.8116441 -26.7396811 5.5422730
-34.6999560 -26.2739589 5.4690701
-37.5852304 -25.7634980 5.4707229
-40.4436479 -25.1273886 5.4760727
-43.2414694 -24.2794180 5.4372010
-45.9762199 -23.2656229 5.3735525
-53.1910135 0.8499708 7.7108557
-51.9419377 0.8586162 5.2345965
-50.6916308 0.8184105 2.7495643
-49.4338590 0.7490135 0.2576333
-48.1571585 0.6696101 -2.2365436
-46.8309693 0.6324418 -4.7164748
-45.4285542 0.6826869 -7.1610312
-43.8924007 0.7478781 -9.5215247
-42.1929989 0.8205252 -11.7658645
-40.3147094 0.8918720 -13.8636092
-38.2493471 0.9252408 -15.7764122
-36.0184464 0.9015468 -17.4972421
-33.6794189 0.8704289 -19.0752458
11.3056799 -0.7622761 27.7889312
14.5213335 -0.4731124 26.1061299
17.9461834 -0.3977493 24.8824212
21.4122689 -0.2480411 23.8129019
24.7379425 -0.2301579 22.0654651
27.9376896 -0.3044923 20.3527078
30.9916313 -0.2299226 18.4112661
33.1152113 0.1392573 15.4179712
34.9443961 0.6259322 12.1490365
36.8860306 0.7995862 9.0471942
38.5818603 1.0654433 5.7008271
40.0327902 1.3223482 2.2292047
41.5326216 1.6673342 -1.0623885
11.5442414 -1.6633250 28.4149878
14.4315505 -1.3311024 26.7742151
17.8750704 -1.1085695 25.6417652
21.3338552 -0.9671553 24.4706200
24.7423863 -1.0271244 23.1431364
27.7600838 -1.1473917 21.1035797
30.3935033 -1.0516569 18.5645325
33.0581371 -0.7301063 16.0994725
34.9076855 -0.8779989 12.9615648
36.7056018 -0.9015873 9.7254278
38.3020485 -0.9401717 6.3672554
39.7953900 -0.9370007 2.9777203
41.0617700 -0.8758561 -0.4196047
-43.7268050 16.7207862 -11.7621125
-40.6624318 18.9333884 -11.2607236
-37.3388161 20.9858160 -10.8174585
-33.8011499 22.4992450 -10.1565465
-30.0402212 23.3660641 -9.4494968
-26.1536604 23.7542869 -9.2271474
-22.2592417 23.7222417 -9.5946439
-18.4811064 23.3113351 -10.5007097
-14.8586008 22.6015424 -11.7801497
-11.3786454 21.7380911 -13.4569748
-8.0983498 20.8993801 -15.5237388
-5.0403776 20.0043121 -17.8437113
-2.0377706 19.4484507 -20.3424762
-43.4642504 -16.0145159 -12.3637828
-40.4569620 -18.1739668 -11.5465234
-37.0642937 -19.9412519 -10.8207714
-33.4919676 -21.5058830 -10.1886364
-29.7615726 -22.6660820 -9.8461097
-25.8625672 -23.2019369 -9.8474963
-21.9705948 -23.0753256 -10.3989009
-18.1825123 -22.6814892 -11.3802799
-14.5638737 -22.1082859 -12.8350359
-11.1720750 -21.1903150 -14.6613479
-8.0528114 -19.8765511 -16.7218710
-5.0518546 -18.8920543 -19.0658475
-2.0846268 -18.5437785 -21.6329241
42.7506791 3.1998500 -6.7466644
42.5538873 4.4914357 -9.2715346
42.3827330 5.7381804 -11.9338090
41.8917386 6.9000596 -14.5834565
41.4828646 7.8330824 -17.3222163
40.7298995 8.7292217 -19.8976206
39.3041772 9.6660904 -22.1310937
37.6349743 10.7143903 -24.2397492
35.6810193 12.0063954 -26.0380037
33.5916481 13.5976466 -27.3832151
31.4667267 15.2155413 -28.5877232
29.2576284 16.7491336 -29.7262162
26.9900231 18.2871330 -30.6220946
42.6862238 -2.3235301 -6.0537372
42.7973207 -3.7338907 -8.6426463
42.6253891 -5.1008699 -11.3389185
42.5247441 -6.4320340 -14.0829106
42.4712491 -7.5201775 -16.9370279
41.9295873 -8.2155879 -19.8419708
40.4390381 -8.7274772 -22.3911122
38.5647363 -9.5160103 -24.6387190
36.4167740 -10.7369225 -26.4030736
34.2206230 -12.2211162 -27.8927211
31.9795437 -13.7514172 -29.2644180
29.7522428 -15.3827272 -30.5354185
27.5210212 -17.1554044 -31.5957659
14.7486812 20.4317263 -3.7466199
16.0307169 19.8565434 -6.5671112
17.6768014 19.1457431 -9.0679835
20.0184232 18.1176619 -10.6947604
22.6041154 16.6362870 -11.3914706
25.2067141 14.8871801 -11.2020470
27.6975507 13.1033428 -10.3723724
29.8888009 11.2056661 -9.0523266
31.4397641 9.3439987 -7.1155061
31.9385448 7.8590225 -4.6108097
31.5827741 7.0756263 -1.7901772
30.2774789 7.0826183 0.8708523
28.0357141 7.8734352 2.8730379
25.5124902 9.0444269 4.3664518
22.9522663 10.5060669 5.5722270
20.4133504 11.9168532 6.8824201
17.8947755 13.1976029 8.3172648
15.3116060 14.6752733 9.3938921
12.8647769 16.5029278 9.6756449
11.0138211 18.6697333 8.9660178
10.3380911 20.7688694 6.8568290
10.5833775 22.0094925 4.1991323
11.7605837 21.7193149 1.5846602
14.3932388 -20.4955286 -4.2621876
15.7482556 -19.7382765 -7.0073775
17.4796149 -18.8574939 -9.5120706
19.8526376 -17.7294486 -11.2372475
22.5047874 -16.2677758 -11.9673641
25.0346067 -14.4703145 -11.6588105
27.4033663 -12.6154440 -10.7257910
29.5015158 -10.8231369 -9.2262914
31.0536224 -9.1715363 -7.1208840
31.9529986 -7.7239437 -4.5906553
31.8077508 -6.8836692 -1.6652348
30.3923495 -7.2574217 1.0029450
28.3301472 -8.3369391 3.0247250
25.9646214 -9.7714472 4.4452288
23.4452947 -11.1785311 5.5945213
20.8421034 -12.5683454 6.6344606
18.2538095 -14.0226694 7.7121743
15.6293137 -15.5465492 8.6522006
13.0618539 -17.2542094 9.0539636
11.0611749 -19.3256748 8.1284260
10.0171277 -21.2912637 6.1035725
10.1545805 -22.6233512 3.4203698
11.1580244 -22.6156271 0.7247033
'#12
-75.9042195 48.0590719 7.0634991
-76.2715123 -45.6863012 11.1930077
-20.0236768 37.2571190 2.0371794
-20.2539061 -36.1627747 3.5150240
-82.4197349 20.3899235 -12.1373767
-82.5460771 -18.6959218 -10.3242804
-95.7637663 26.7087866 -2.5651135
-96.7539393 -24.7403006 -0.9094320
-72.6101750 23.4105443 5.7116936
-73.1266376 -20.9623002 7.8376536
-61.1774549 11.6940611 5.4295926
-61.4943734 -10.1851926 5.7471970
-55.8459903 1.1234118 10.1986320
-63.9335802 0.8525274 0.3405968
-30.3500624 0.3976282 -19.4010300
-34.9401816 6.0005015 -20.9464318
-35.8264716 -5.7327993 -21.8135058
-32.2004837 4.7389965 -21.5041626
-32.1792621 -4.6474704 -21.1963415
-47.7266659 13.8119359 -11.3370723
-47.8383674 -13.3582611 -10.1971379
-6.3197488 20.0190434 -17.9851692
-5.1814091 -20.3586427 -18.6770157
4.1025085 20.3357278 -21.5340102
2.9115053 -20.1629824 -21.0550238
-47.1374554 22.3267477 2.9819166
-47.8440450 -20.9871405 4.6796625
11.9298655 1.1602879 32.4963557
11.6560136 -1.6011879 32.2499474
40.3010392 1.7525401 -0.9262746
39.4378186 -2.7605962 -0.9463257
15.6071832 1.0162292 24.0229141
15.5123658 -1.9053461 23.7730864
12.3816002 22.3335933 -2.0973230
11.6489499 -21.9294520 -2.4834107
10.3117719 19.4535392 8.6357523
9.6895678 -20.4605706 7.8621694
29.6363588 5.8477323 4.1482613
29.7816370 -6.6390001 3.9620482
43.2011524 8.1779842 -20.3028429
42.9565234 -9.1373337 -19.1284750
28.5647516 17.5397980 -29.1849787
27.4897937 -18.2190353 -28.9182867
-4.2218249 36.6618013 -1.4652737
-5.8158728 -36.5438551 -1.8760826
10.2933251 31.0548666 -11.3832396
9.4483771 -31.0044478 -10.6796608
5.2285247 30.8895052 2.8058325
4.0988511 -30.9171832 3.0406832
-1.2702287 32.5749489 -14.2237846
-2.0635464 -32.6445809 -13.7675943
-6.4211211 27.9928760 5.7975825
-7.2100234 -27.5923264 5.9959191
11.4968341 3.9370632 31.5007019
11.0755120 6.6129879 30.2713837
10.6289820 9.0636329 28.5885326
10.2200490 11.3027789 26.6941241
9.5888126 13.4494661 24.7348922
9.0289466 15.2409247 22.3680738
8.3840801 16.9250948 19.9459857
7.5327081 18.6534536 17.6253516
6.3536029 20.4895408 15.5549732
4.9632320 22.3659060 13.6205830
3.3677715 24.1039700 11.7180605
1.6858066 25.7706106 9.8221068
-0.4432778 27.0999761 8.1597984
-3.0827003 27.9500285 6.9563062
-5.9849431 28.3572886 6.1356261
-8.9376963 28.6733095 5.4501118
-11.9197382 28.9001805 4.8747834
-14.9325294 28.9424184 4.4318436
-17.9546448 28.8269082 4.0992651
-20.9739295 28.5839937 3.7793965
-23.9926676 28.2759595 3.5355289
-27.0073314 27.8871375 3.3171132
-30.0159728 27.4495417 3.2075500
-33.0087662 26.9281684 3.1679825
-35.9930250 26.3540204 3.1698378
-38.9381874 25.6279123 3.2186116
-41.8146207 24.7429064 3.1602420
-44.5426738 23.5806431 2.9914398
11.1772031 -4.4181768 31.2770814
10.7380559 -7.0952948 30.2654860
10.4053661 -9.5257181 28.6729097
9.9296029 -11.6387911 26.7116392
9.1439168 -13.4840057 24.5555022
8.6073550 -15.3040541 22.2209633
7.9364581 -17.0229131 19.8676636
6.8385216 -18.7011725 17.6240687
5.5516969 -20.4515160 15.5362784
4.0050071 -22.1538109 13.6065213
2.4649688 -23.7970504 11.6258653
0.7487301 -25.3017323 9.6743083
-1.4465557 -26.5613585 8.1004206
-4.1123301 -27.3645228 7.0256152
-6.9833893 -27.7927847 6.2354331
-9.9403861 -27.9208680 5.6187772
-12.9171980 -27.9796806 5.0788377
-15.9105321 -27.9223049 4.6417600
-18.9125485 -27.7532904 4.3327173
-21.9133005 -27.4639579 4.1261803
-24.9044281 -27.0914717 3.9821649
-27.8773994 -26.5635392 3.9417311
-30.8427995 -26.0252102 3.9850120
-33.7949086 -25.4552762 4.1531628
-36.7601196 -24.9040598 4.2077677
-39.6813604 -24.2101373 4.2176837
-42.5465036 -23.3689019 4.2459194
-45.2532262 -22.1947456 4.4651511
-54.4111045 1.0850248 7.7499313
-52.9841728 1.0076358 5.3114461
-51.6710132 0.9264373 2.8033387
-50.2671595 0.8633624 0.3437873
-48.6946340 0.7901728 -2.0036154
-47.1096348 0.7341727 -4.3501672
-45.4720390 0.7183775 -6.6536877
-43.5967408 0.6535896 -8.7879161
-41.6210958 0.6220426 -10.8003134
-39.4804798 0.5803705 -12.6387609
-37.2699492 0.5394592 -14.3968598
-35.0649565 0.5074236 -16.1248732
-32.7200456 0.4629314 -17.7219216
12.1634917 0.4856553 29.5310910
13.8230631 0.2235243 26.9599558
16.5150939 0.2552642 25.1451434
19.0909726 0.4565114 23.3251740
21.6910594 0.5223560 21.3371370
24.1795384 0.5270128 19.2409310
26.3573787 0.5655662 16.8388749
28.7678038 0.6495493 14.6658655
30.9322939 0.7095286 12.2707173
32.6476063 0.8250450 9.4791991
34.1714518 1.0933078 6.6189551
35.7673697 1.2088506 3.7751626
37.8215756 1.3145210 1.2223275
11.7267844 -1.2367250 29.2253489
13.3976591 -1.3539851 26.5396384
15.9527338 -1.5439277 24.6717003
18.6396451 -1.5970567 22.9130880
21.1898309 -1.5191402 20.9524917
23.6332200 -1.5829823 18.9336949
25.8612907 -1.6574520 16.6294275
28.0602643 -1.7044384 14.3108953
30.0804286 -1.7926563 11.7880941
31.9022288 -1.8869075 9.1635362
33.4045674 -2.0384210 6.2755868
34.8919943 -2.2536281 3.4103889
36.9294391 -2.5349431 1.0008857
-44.6300030 15.6370973 -12.1613269
-41.4496907 17.8332057 -11.7795897
-37.9787338 19.7782618 -11.5646721
-34.1850174 21.1528488 -11.3164307
-30.2336184 22.0520416 -11.2591210
-26.2465458 22.6480017 -11.5020054
-22.2264827 22.7546618 -11.9538166
-18.2939865 22.4401073 -12.8796878
-14.4968637 21.8299266 -14.1758672
-10.9009852 20.9839064 -15.8807591
-7.3015110 20.2295417 -17.5976105
-3.6006345 19.7990657 -19.1881298
0.2608028 19.9066890 -20.3455099
-44.8331563 -15.7690841 -10.9102123
-41.7637727 -18.1497692 -11.1464505
-38.3915738 -20.1513590 -10.7391327
-34.6257746 -21.3827634 -10.4485159
-30.7286437 -22.1739376 -10.4448679
-26.8021786 -22.6617905 -10.7965993
-22.8929095 -22.8330861 -11.4526951
-19.0838975 -22.6567128 -12.5110919
-15.3453797 -22.1834717 -13.7543584
-11.8044160 -21.5270254 -15.4146004
-8.3139155 -20.8882619 -17.1868219
-4.6750026 -20.3820909 -18.6714424
-0.9365232 -20.2006972 -19.9438530
41.1307684 3.1233041 -3.6182204
41.8610499 4.5218990 -6.1154974
42.6303834 5.8615194 -8.6169580
43.4993769 6.8107485 -11.3263098
43.9474554 7.5536003 -13.9509016
43.9252467 8.0816723 -16.6283539
43.2506230 8.4214107 -19.4525509
41.5863246 8.9178770 -21.8911780
39.2989907 9.4935028 -23.6800020
36.8948751 10.4541396 -25.0471276
34.5343674 11.6612009 -26.3860741
32.3269163 13.1639337 -27.7369534
30.3827504 15.2214451 -28.6607099
40.4875826 -3.7326397 -3.3151969
41.2744806 -4.9829530 -5.8480610
41.6757746 -6.3483170 -8.2974577
42.1430339 -7.4661330 -10.9774294
42.7353102 -8.3018508 -13.7256536
42.8643376 -8.8829205 -16.4994083
42.3711290 -9.5015044 -19.1611169
40.8237181 -10.1085404 -21.4854688
38.6758370 -10.8461308 -23.4043986
36.3560165 -11.6959944 -25.0452330
33.9365106 -12.6724333 -26.4073347
31.5558238 -14.0737493 -27.4223478
29.4341948 -15.9770730 -28.2222108
14.1160859 21.6647186 -4.8221893
15.9269706 20.8217185 -7.3704577
18.1518436 19.7715239 -9.3960107
20.8092385 18.4636640 -10.6123456
23.5774629 16.8538172 -10.5973057
26.0653835 14.8677191 -10.1451333
28.3456580 12.8156702 -9.3528523
30.0181751 10.8732139 -7.4844866
31.2097115 8.9010350 -5.2782542
31.7482763 7.1992934 -2.6505527
31.5313323 6.0720310 0.3438768
30.3375869 5.7649607 3.2474337
28.1167262 6.7240789 5.3188004
25.5313964 8.2279494 6.5266621
22.9133743 9.8925694 7.2987865
20.3068855 11.6825203 7.6995363
17.7180206 13.5410667 8.1113250
15.1183617 15.2107558 8.9005667
12.5894901 17.0976455 9.1868749
10.4302922 19.2658688 8.6154746
9.6687335 21.3164081 6.4561278
9.9625909 22.5912138 3.6087684
11.0267612 22.6797720 0.6197938
13.1350896 -21.4919486 -5.3032767
14.9588946 -20.9354103 -7.8656479
17.4470325 -20.1254263 -9.6409660
20.2394003 -18.9672783 -10.5768944
22.9700657 -17.3258952 -10.7841966
25.5100623 -15.4689103 -10.3266993
27.8055881 -13.4307417 -9.4763468
29.5169909 -11.3668367 -7.7747262
30.6282056 -9.5483501 -5.3815476
31.3255681 -7.9981873 -2.6940794
31.3313344 -6.9514534 0.2968005
30.1790548 -6.7070566 3.1426555
28.1108754 -7.3411050 5.2858244
25.5086078 -8.7530619 6.4825233
22.7834903 -10.2791180 7.1730146
20.0566396 -11.7824682 7.7747933
17.3882383 -13.4544821 8.4174623
14.7608715 -15.1995761 8.9853573
12.2104255 -17.1082035 9.2939384
10.2640925 -19.2955295 8.5250920
9.3670754 -21.3778727 6.4746175
9.5262607 -22.4918928 3.5703568
10.3463545 -22.4813618 0.5127527
'#13
-69.77470714 53.48027941 11.41569503
-67.21404524 -54.75661939 15.92501739
-27.44163748 39.27584338 2.48824834
-24.93918587 -39.83723646 6.47456356
-86.57334587 19.38206145 -11.10225207
-86.07562962 -23.50295830 -9.62752098
-96.00825570 28.30636034 0.20834962
-94.72188972 -30.58616948 1.61716435
-72.56171175 20.46749078 3.28038321
-72.33604280 -23.81110693 5.51586165
-60.25601320 9.99647426 3.59761988
-60.01540844 -12.42517127 5.12242646
-56.29427895 -0.47574350 10.23189987
-63.95686585 -1.59551962 -1.32956773
-29.49998859 -1.40299348 -15.39726588
-36.16253719 5.12071335 -17.23237505
-35.06038235 -8.23056410 -16.41551551
-33.48457047 2.81193819 -18.93429212
-32.52789853 -6.54759362 -18.11039094
-45.49007773 9.83529034 -12.63447357
-44.16777879 -14.29576311 -11.33240542
-5.63266988 19.48953422 -17.53790484
-5.46993703 -21.81866750 -15.30069624
6.34144462 19.90846899 -23.25931521
7.27929684 -22.30901987 -20.79880054
-47.21416117 20.05498503 3.14865324
-46.60086229 -22.21986787 5.37577907
11.11231468 3.26210319 27.53872989
11.15149968 0.75978924 28.13382671
39.92774918 1.40376616 -4.15515062
39.62967361 -1.07348894 -3.76921575
16.14386323 2.34682352 22.97538421
16.25673928 1.00965050 23.29036596
13.42552775 22.11773457 -1.83357478
14.15808978 -21.95924630 -0.19131721
10.69909982 20.50978563 7.78357188
11.04863472 -19.43101014 9.31210928
27.03411419 9.02614676 2.80317698
27.13185924 -6.55192623 4.44197974
41.89735204 5.69875007 -14.58683652
41.98617695 -6.08488016 -13.53602489
20.18238318 15.80267545 -34.54035742
21.23848306 -19.75319431 -33.04590832
-5.64266160 38.01696683 -1.00463401
-4.12328235 -38.16066599 3.58559982
11.13166743 33.84485242 -13.67381645
13.01608561 -34.71861275 -9.74937050
5.30740212 31.84177823 3.18139418
6.68458275 -30.84173076 6.39991034
-2.05727473 33.74838725 -14.70631317
-0.65336446 -35.36563641 -10.74586980
-7.99486595 27.76004772 6.83490294
-8.48185054 -26.85148893 8.51395692
10.18372260 5.96655740 27.56170337
9.46949987 8.69116450 27.17455149
9.09737697 11.10790714 25.75213546
8.76473660 13.33289837 24.05805369
8.44674045 15.31105976 22.04520168
7.87756682 17.19969675 19.99034937
7.18082275 19.09937872 18.00225705
6.29844917 21.03872518 16.11602978
4.84943866 22.89499010 14.56569957
2.98817008 24.51996571 13.21221392
0.89393295 25.89792299 11.87893647
-1.35496655 26.94071709 10.46157800
-3.71292242 27.54628049 8.97304834
-6.17116080 27.75799641 7.55536119
-8.73687487 27.71892095 6.32124807
-11.41695723 27.56537114 5.34982808
-14.18974633 27.37762633 4.67452777
-17.00210936 27.13348272 4.20739923
-19.82246341 26.80433810 3.84394909
-22.64105275 26.40253993 3.54600641
-25.45893313 25.95646969 3.33242838
-28.27799344 25.48238439 3.22226795
-31.09589259 24.98674270 3.25943090
-33.89430693 24.41216580 3.40196275
-36.67346122 23.75607730 3.55844745
-39.43091608 23.00015992 3.64716965
-42.18450577 22.36486995 3.83892276
-44.77005624 21.26902424 3.54652513
10.17409616 -1.90148522 28.09865461
9.32963101 -4.62438605 27.76873002
9.17176977 -7.21945751 26.55843244
9.09411843 -9.73780127 25.20452508
8.89140495 -11.89228280 23.35129782
8.53695909 -13.86250179 21.29492125
7.95352025 -15.90672292 19.37871905
7.04596491 -18.09594746 17.82358037
5.77847001 -20.30405208 16.57765545
4.04827760 -22.33680315 15.51215342
2.09049216 -24.01397728 14.24553490
-0.02630310 -25.27833403 12.78988190
-2.33381233 -26.29080456 11.39084755
-4.79707831 -26.99356050 10.06447707
-7.39955767 -27.41253028 8.89211279
-10.11265979 -27.64073537 7.93707583
-12.88624301 -27.69876944 7.14410569
-15.69532854 -27.58724294 6.49090136
-18.52892634 -27.34440215 5.99736399
-21.37953533 -27.06208220 5.65886859
-24.23977617 -26.77287090 5.45307954
-27.10750239 -26.49304844 5.39944803
-29.97414879 -26.21421672 5.49856316
-32.83012530 -25.86010982 5.64497762
-35.67314155 -25.39546926 5.73531964
-38.48887301 -24.78349734 5.73053621
-41.29321419 -24.17999091 5.66055191
-44.00515770 -23.25103451 5.53948953
-54.67089964 -0.52302196 8.06198674
-53.09542862 -0.56249693 5.90546599
-51.39201864 -0.66663531 3.85746964
-49.56411440 -0.74735937 1.92809648
-47.59637992 -0.83268048 0.14300747
-45.56794616 -0.92411891 -1.58638032
-43.67735460 -1.03129458 -3.47247772
-41.82613515 -1.12465057 -5.39957519
-39.85840847 -1.18651068 -7.19674931
-37.73822282 -1.23606727 -8.78689980
-35.83580081 -1.33807768 -10.62007870
-33.94037472 -1.41453721 -12.45280689
-31.74184512 -1.40948790 -13.94627363
13.45029767 2.10591154 24.94817449
16.05461141 1.95303282 23.18673522
18.99501321 2.12801515 21.81917710
22.08614632 2.23531819 20.92797572
24.78709048 2.08460715 19.14838075
27.36728418 2.05037108 17.16839668
29.85311137 2.03698667 15.05109203
32.14371059 2.01953896 12.74486375
34.25561810 2.08845700 10.28185515
36.05667326 1.95431125 7.58946258
37.48583502 1.95230063 4.69727818
38.93470774 1.97503115 1.97238764
39.68271827 1.47041120 -1.05740939
13.18458359 1.46207456 25.70518132
15.77858036 1.63403355 23.70630988
18.56106513 1.41974923 22.00105768
21.76320715 1.09390993 21.36454985
24.41540016 1.04851257 19.47370406
27.29981625 1.02984035 17.95747384
29.67551406 0.98284220 15.65616636
31.84436701 0.93180365 13.15252058
34.05457811 0.76498178 10.74241879
35.92873995 0.67117849 8.05486159
37.42301825 0.46791272 5.12801762
38.79634305 0.07898296 2.19131232
39.38540252 -0.21266518 -0.86688748
-42.36316316 12.32740856 -12.51510612
-39.22276260 15.06878501 -12.39444037
-35.97538191 17.56080951 -11.91689522
-32.25469920 19.41953952 -11.58358827
-28.33996121 20.86861554 -11.23692845
-24.28986736 21.91650971 -11.23029622
-20.18078469 22.49766081 -11.67333649
-16.12178736 22.31849439 -12.61218053
-12.31548873 21.46695706 -14.09204682
-8.71404281 20.38471493 -15.92860995
-5.15053306 19.78983852 -18.02211060
-1.33737529 19.44859374 -19.65652091
2.47025621 19.57745754 -21.35184187
-40.82702670 -16.51989280 -11.26535498
-37.51216973 -18.81856359 -11.01409792
-34.11150592 -20.94750923 -10.47070349
-30.42296288 -22.50052149 -9.88933639
-26.51877132 -23.46348935 -9.46564789
-22.51231537 -24.05670329 -9.29871642
-18.47774657 -24.16628343 -9.60140898
-14.56367844 -23.84291907 -10.55103678
-10.88905568 -23.09919077 -12.06949380
-7.49805919 -22.34516141 -14.17402985
-3.94997011 -21.87061930 -16.05875293
-0.18168518 -21.64080066 -17.56542384
3.50932679 -21.91169736 -19.16955662
40.40588590 2.72952743 -6.70166567
40.93599609 3.96410331 -9.49349886
41.56879278 4.94221687 -12.43350929
41.36758375 5.92436666 -15.37807123
40.24862733 7.18047084 -17.98337917
39.15685021 8.34858649 -20.66090264
37.63290746 9.45967812 -23.18912785
35.50901216 10.45914247 -25.29245565
33.09225188 11.21367656 -27.19807960
30.54398972 11.78442563 -28.99538587
27.79144600 12.37532771 -30.42181479
25.00838178 12.88938316 -31.79826463
22.54441957 14.28643342 -33.20505526
40.40107573 -2.73357300 -6.30333871
41.26276530 -4.04014762 -8.94899855
41.38907248 -5.41555796 -11.64939838
40.95503693 -6.85365792 -14.23126061
40.11149483 -8.21776771 -16.89256304
38.83618019 -9.61700886 -19.37501396
37.29010678 -11.20302260 -21.58839904
35.44597690 -12.56941149 -23.69886388
33.28850866 -13.60067844 -25.70468691
30.84918126 -14.52676831 -27.44502895
28.29724696 -15.48320880 -29.00353018
25.66901395 -16.28374698 -30.40691119
23.39991969 -17.89712018 -31.78441490
15.00690143 21.55238767 -4.01527807
16.63101880 20.90265109 -6.13051675
18.53557167 19.97608547 -7.85706582
20.68871757 18.80413136 -9.02395022
22.91681426 17.31426866 -9.37696121
24.99775679 15.67437701 -9.10170441
26.79781368 13.90699733 -8.15411931
27.77983439 12.26731597 -6.25197758
28.16373690 10.90333852 -3.99617930
28.34712233 9.93398764 -1.58348433
27.75563387 9.58193356 0.77641709
26.32206341 9.53402883 3.02713447
24.64465936 10.17961973 5.04833022
22.61424024 10.98011472 6.63885127
20.43585525 12.18400846 7.81478117
18.19677583 13.47524206 8.74151080
16.01028091 15.00888110 9.33462570
13.99152696 16.85238759 9.28103863
12.25466725 18.66315678 8.58804603
11.09271254 20.44345204 7.30909305
10.61436168 22.00170374 5.35002529
10.87110053 22.92251885 2.97778539
12.09742816 22.73646351 0.60561104
15.88347850 -21.54481934 -2.54499563
17.56025447 -20.94834519 -4.85919698
19.49932812 -19.97058017 -6.78240095
21.93594579 -18.84541041 -7.89933286
24.38025401 -17.34991089 -8.39840291
26.44184842 -15.34721033 -8.04323468
27.91703374 -13.20802376 -6.81441860
28.94925427 -10.99194363 -5.21684320
29.71079732 -8.80454238 -3.52177128
29.73176668 -7.36504127 -1.05271647
28.82678832 -6.82293578 1.59481457
27.40494501 -6.63165393 4.07808139
25.52140660 -7.12672273 6.20230316
23.33621010 -8.06514622 7.85815217
20.99764419 -9.25837134 9.12474730
18.70267892 -10.73690814 10.10180662
16.53693365 -12.61847565 10.64535949
14.42878873 -14.59119700 11.00555766
12.41910747 -16.62077733 10.72994567
11.15015150 -18.92139026 9.70380049
11.07000372 -20.86280535 7.60285675
11.36306328 -22.01714361 4.97140043
12.54638931 -22.21104835 2.33927135
'#14
-74.2083452 -42.6389283 -12.3865039
-73.0108446 45.1942283 -11.7676034
-17.4346886 -35.6986538 -4.5764400
-17.9763855 35.8440666 -6.4849991
-75.6328297 -19.2944440 14.3137337
-74.3454165 24.3639144 15.2023799
-84.3674943 -25.8188984 4.6089286
-83.1847889 30.8219797 4.4250178
-66.3608073 -19.1476956 -2.9083452
-65.7904771 22.2477147 -2.3808631
-54.6138130 -8.2713437 -1.1429444
-53.9049769 11.3359035 -1.1244911
-49.7520381 0.8750065 -5.5184060
-56.8706175 1.4145830 2.9545567
-23.6267059 0.7552363 21.0597612
-29.4082957 -6.4940989 22.8299358
-29.0090112 8.6505780 22.6968781
-27.3763204 -4.4197888 23.5774143
-26.7488511 6.0053661 23.5510826
-43.2835570 -11.4344854 11.2086380
-42.9505916 14.1310110 11.6245726
-3.0704022 -21.1659025 15.1962940
-2.5336054 22.0059059 13.8648310
5.8780344 -20.6865016 19.1803152
6.2906363 22.1439153 17.6225645
-41.3164450 -18.7890253 -0.7691902
-41.3123219 21.0197382 -2.2216583
8.4083133 -2.4793814 -25.1807284
8.2954462 -0.8577547 -25.1775012
35.4783674 -0.2400803 0.2616526
34.9156334 -0.5628790 0.7750355
15.4635599 -1.5175113 -18.6903555
15.5153451 -0.6480831 -18.6684287
12.7388561 -20.7721007 0.2479362
12.9423719 19.8067957 -0.8921059
9.5693136 -19.5871353 -7.6468425
9.3850195 18.3767692 -8.7790886
26.3287347 -7.9806872 -0.6521641
26.3705047 7.4920641 -1.9268952
36.9893253 -6.9262709 13.4520306
36.4871590 7.1459684 12.7097015
19.8523230 -21.0963522 28.2712467
19.9912852 21.9284661 25.6931893
-3.3583197 -35.1396049 -1.8135688
-3.1431986 34.5782724 -4.4062419
11.5820124 -30.9423052 8.2044960
12.1072475 30.7611148 5.4409404
4.9226577 -28.7142916 -5.5100998
4.6229022 28.1450188 -7.7278591
-0.2381151 -32.5284499 10.1877200
0.2642276 32.7337236 7.2604378
-6.8319289 -26.4159311 -6.3475200
-6.4063520 25.5196093 -7.5941570
8.4794803 -4.8670634 -24.5239272
8.6619435 -7.1421452 -23.5454129
8.8892238 -9.2921253 -22.2038631
8.8013588 -11.4109805 -20.7580033
8.5377270 -13.4552452 -19.1804200
8.0634626 -15.5143025 -17.6809446
7.2921627 -17.5241857 -16.2557918
6.2186827 -19.4856958 -14.9664324
4.8927776 -21.3667316 -13.7775935
3.3657403 -23.0678042 -12.5712141
1.6350261 -24.4725838 -11.2552016
-0.2752850 -25.4838105 -9.8264478
-2.3583086 -26.1129094 -8.4047387
-4.6040928 -26.4629314 -7.1296995
-6.9958844 -26.5837754 -6.1349113
-9.4929772 -26.5608285 -5.4482549
-12.0418958 -26.5258682 -4.9219401
-14.6079054 -26.4432002 -4.4767352
-17.1821922 -26.2700393 -4.0995932
-19.7525339 -25.9805741 -3.7803719
-22.3056456 -25.5781277 -3.4893198
-24.8444061 -25.1041812 -3.2123217
-27.3773748 -24.5967142 -2.9484355
-29.8845859 -23.9862981 -2.6892296
-32.3267914 -23.1951630 -2.4101313
-34.6893788 -22.2316885 -2.1026241
-36.9846593 -21.1370960 -1.7511336
-39.2294635 -19.9564470 -1.3409284
8.4535559 1.6457851 -24.8836451
8.6022462 4.0441925 -24.0523511
8.7027823 6.3536828 -22.9004502
8.6135251 8.6480266 -21.6616143
8.2692623 10.9147257 -20.3905389
7.6698107 13.1206179 -19.1027995
6.8444544 15.2096318 -17.7623178
5.8677132 17.2203215 -16.4195109
4.8233819 19.2107256 -15.0849793
3.4622212 21.0546646 -13.8247824
1.8648787 22.7272440 -12.6109469
0.0866856 23.9915654 -11.1836263
-1.9386385 24.8385582 -9.7511646
-4.1503181 25.3996149 -8.4531706
-6.4999188 25.7588454 -7.3351619
-8.9688722 25.9962488 -6.4579934
-11.5155853 26.1692245 -5.8107457
-14.1017379 26.2986585 -5.3408748
-16.7049064 26.3571251 -4.9630049
-19.3080350 26.3069580 -4.5875598
-21.8979233 26.1098716 -4.1927413
-24.4709424 25.8018888 -3.7916728
-27.0321049 25.4371693 -3.3823962
-29.5932711 25.0709588 -2.9706917
-32.1623236 24.5874551 -2.7121250
-34.6785726 23.8950723 -2.5137657
-37.1381324 23.1055166 -2.2320852
-39.5190270 22.1717700 -2.0856652
-48.2141161 0.9007832 -3.3461665
-46.6161501 0.9274955 -1.2059277
-44.9958573 0.9558207 0.9199559
-43.3441944 0.9880333 3.0239309
-41.5250267 1.0090416 5.0192497
-39.6563156 1.1159711 6.9438711
-37.8133117 1.1106338 8.8608770
-35.8173204 1.0995295 10.6662701
-33.7640102 1.0605454 12.4041780
-31.6246704 1.0072257 14.0138214
-29.7504230 0.9351418 15.8701606
-27.7283865 0.8679738 17.6090314
-25.7022704 0.8092185 19.3407666
10.2802208 -1.8373024 -23.2575466
12.6002604 -1.7106838 -21.7247529
15.1271752 -1.6865655 -20.5922261
17.6934653 -1.6175303 -19.6199190
20.1142198 -1.4632815 -18.2812563
22.2917063 -1.2851707 -16.5199073
24.3208915 -1.1372135 -14.5955352
26.2771973 -1.2218928 -12.6456488
28.1528954 -1.4732695 -10.6543020
30.0765980 -1.6549214 -8.7354741
31.9013693 -1.7487092 -6.7318162
33.1886424 -1.8322773 -4.4707552
34.2421613 -2.0442591 -2.0675563
10.2153449 -1.1222962 -23.2910342
12.5854479 -1.1453229 -21.7281629
15.2167222 -1.0012111 -20.7953525
17.8288294 -0.6207819 -20.0232909
20.1391496 -0.3846472 -18.4709665
22.1749491 -0.1800138 -16.4674929
24.2533694 -0.1132757 -14.5611187
26.4061433 0.0787969 -12.7536060
28.2574284 0.3307748 -10.7331202
30.1920665 0.6224570 -8.8260533
31.9287441 0.8957284 -6.6688899
33.2389286 1.0060007 -4.2217298
34.2937278 1.0764540 -1.7344044
-39.9302890 -13.4886567 11.4388040
-36.7530818 -15.6981263 11.6799169
-33.8537534 -18.2439186 11.5783981
-30.5676487 -20.1955975 10.9508238
-26.9576149 -21.4252511 10.2805201
-23.2152676 -22.2434660 9.7209424
-19.3688742 -22.6888168 9.4775192
-15.5068899 -22.6945420 9.8183906
-11.7618983 -22.3302894 10.7899552
-8.1961116 -21.7833307 12.2689771
-4.7602396 -21.2705277 14.0524955
-1.2863349 -21.0145314 15.8419657
2.2610100 -20.8293138 17.5044263
-39.4621693 15.8546265 11.6943863
-36.3215541 18.1817204 11.6212052
-33.2772873 20.5801647 11.3539391
-29.9181727 22.3161839 10.5002087
-26.2216693 23.3320664 9.6280624
-22.4046312 23.8785875 9.0087588
-18.5016215 24.0585711 8.6800448
-14.5951741 23.8717155 8.9463326
-10.8233638 23.4515743 9.8995248
-7.2570854 22.8874762 11.4489480
-3.8210842 22.2614552 13.2559480
-1.0314847 21.9755507 14.4825543
2.6328948 22.0066563 15.9934749
35.7820171 -2.8355637 3.2611231
36.2610926 -3.7049805 6.0415253
36.3963435 -5.1278816 8.5665047
36.1998781 -6.4988791 11.0198191
36.0402036 -7.5942392 13.6978392
35.2425651 -8.7616245 16.1016750
33.4672688 -10.3661272 17.8674677
32.0603976 -12.3054033 19.5882782
30.6565275 -14.2975076 21.2430803
28.9207063 -16.1796155 22.7124960
26.8618000 -17.8196264 24.0005569
24.4230176 -18.9325600 25.2286754
22.0342741 -19.8989071 26.7238431
35.6142097 2.3834238 3.4247501
36.1274801 3.6622670 5.8837529
36.2936496 5.1773552 8.2381860
36.4252895 6.6474275 10.5179320
35.9392522 8.0955358 12.6937563
34.8968076 9.5239544 14.8421340
33.4803271 11.2734284 16.5309039
32.1571962 13.1204053 18.1744271
30.8699641 15.1260675 19.7283117
29.1742342 17.0610659 21.0189720
27.1036806 18.5745976 22.3210102
24.7741167 19.7326907 23.5350274
22.2914563 20.8173022 24.4796690
14.0803548 -20.1046110 2.3072711
15.6549358 -19.3829954 4.1551824
17.5948046 -18.7049362 5.6380304
19.6826221 -17.7266941 6.6779905
21.7307331 -16.3712411 7.2641465
23.6333246 -14.7377687 7.2335690
25.1905049 -12.9770513 6.3950209
26.3993246 -11.2549417 4.9993656
27.2020143 -9.6138561 3.2590294
27.1156125 -8.5895398 1.1987547
26.0182568 -8.5535569 -0.8444359
24.4567240 -8.9357404 -2.7257608
22.5803177 -9.5204327 -4.3260445
20.6324580 -10.4745020 -5.6637348
18.6274786 -11.7591779 -6.5231734
16.6379548 -13.2229985 -6.9928531
14.5497940 -14.5599234 -7.3654689
12.5156414 -15.9545006 -7.9045328
10.7261917 -17.6042755 -8.2091350
9.7000847 -19.5844441 -7.3852508
9.5115705 -21.4764486 -5.8761140
10.0627790 -22.1219863 -3.6608768
11.2631682 -21.6234820 -1.5800474
14.3974082 19.3325884 1.2123920
16.0627343 18.7744842 3.0824092
18.0538109 18.1751958 4.5397029
20.1707786 17.3663900 5.6528049
22.2674061 16.0292724 6.2327932
24.2058414 14.3516165 6.1315610
25.8202181 12.5250283 5.3680814
27.0589657 10.7018517 4.1265336
27.6586226 9.1764415 2.3018562
27.4089303 8.2115913 0.1541381
26.3026720 7.8884478 -2.0053366
24.6186984 8.1232575 -3.8684045
22.6702198 8.6976978 -5.4094139
20.6190605 9.5292198 -6.6803429
18.5277608 10.6002516 -7.6718804
16.4289208 11.8481152 -8.4000092
14.3066542 13.1433670 -9.0608670
12.2601865 14.5988074 -9.5451758
10.4257863 16.3229938 -9.5152709
9.3703606 18.2595939 -8.5420858
9.3063537 19.9549533 -6.7511325
10.1588323 20.8495206 -4.7411203
11.4970224 20.5888643 -2.7707909
'#15
71.33816834 48.01802056 -7.17448665
76.51955610 -38.93084474 -9.34514961
16.70451826 34.84019500 -2.54896942
20.24718873 -33.26822553 -3.49048886
75.61989189 26.96246578 21.09393350
77.60086379 -19.25612198 20.85639802
86.04989886 33.22148921 13.81858994
88.22483811 -24.52551038 13.16552553
61.38121203 24.40211982 3.90282106
62.82677591 -17.66636108 1.38979343
51.22144952 13.18327541 4.35779586
52.19830025 -7.78775780 3.12355941
46.69585809 2.63031889 -1.01419326
55.30051728 1.99168459 9.52340186
19.04659864 0.10466802 20.28652985
23.50332390 7.72025546 23.71679207
24.99422387 -7.61289549 23.71633437
20.85467176 6.13920671 24.70319824
21.56226207 -5.96187619 24.38151760
38.38651224 17.02925556 17.91784417
40.04799228 -14.14777669 17.21498339
4.77881382 19.99255476 15.82239356
7.05933162 -20.02730975 15.09483130
-10.95682604 19.59763343 20.20027937
-8.08587456 -20.52887988 19.58233729
38.87380009 23.33017676 2.79414399
41.84788754 -19.53258404 0.87905943
-0.89021387 1.36074724 -28.35867094
-0.47031190 -0.43725456 -28.27101446
-39.54030467 -1.59061166 2.05694648
-39.15101115 -1.76780086 2.61643882
-4.84873249 0.97776983 -23.98794412
-4.74060213 -0.83325364 -23.83067983
-10.85238149 20.24641298 -2.28937872
-7.57643000 -21.58658893 -4.45480578
-6.46739924 16.84426278 -11.80498107
-4.10682558 -18.47516760 -11.99366545
-26.73595853 4.36928223 -6.46110802
-26.01469741 -6.54284769 -6.68686254
-42.60618400 7.37514676 13.86455623
-41.29069483 -10.13684685 13.09658548
-33.20033409 23.77298787 23.39962326
-29.63209683 -24.78590536 22.70141574
4.34619886 35.01933012 -2.75016908
8.13667530 -35.30786940 -3.36164046
-11.10172777 31.20814508 5.91148118
-7.83461295 -32.41319643 4.21926276
-3.44302986 27.96815227 -6.75064951
-0.52227092 -28.47291759 -7.35812222
-0.38620902 34.04675374 8.44737958
2.71286932 -34.21224064 7.94906989
9.80231183 24.76383159 -6.60125580
12.91282277 -24.42476015 -6.66962880
-0.59130161 3.57429310 -27.73834176
-0.32273574 5.74578260 -26.95033345
-0.19549049 7.79003206 -25.80179097
-0.28492297 9.64536719 -24.36192390
-0.47026257 11.30851079 -22.72939753
-0.52054475 12.93263563 -21.03602092
-0.36280284 14.58491857 -19.36869166
0.06870601 16.26076430 -17.77415101
0.86248003 17.82349469 -16.27804490
1.76330072 19.29074683 -14.76197140
2.48008458 20.85908889 -13.18844863
3.47725303 22.25392058 -11.58593491
4.84035749 23.36784870 -10.01615256
6.48518828 24.17083804 -8.53353276
8.30692808 24.73368093 -7.15617321
10.27929568 25.15280238 -5.93990692
12.33400589 25.51721872 -4.85024223
14.44801065 25.88968323 -3.89826370
16.63431165 26.23391709 -3.10791298
18.87834081 26.45698332 -2.41227125
21.15178509 26.55951021 -1.77525129
23.44552089 26.57333501 -1.20701216
25.75473531 26.52025947 -0.71499433
28.06891878 26.39418848 -0.26543557
30.35830350 26.08111925 0.23448082
32.57629290 25.56238383 0.81246457
34.72544615 24.90477607 1.44195817
36.82740528 24.13962523 2.10892218
0.17881612 -2.60111142 -27.72732738
0.77100123 -4.80283348 -27.04634003
1.20328286 -6.90562970 -25.98678842
1.31851715 -8.86260836 -24.62632685
1.26162464 -10.62674773 -23.04797497
1.26811902 -12.33831841 -21.40354520
1.55601597 -14.06653758 -19.77423980
2.05469578 -15.78887781 -18.18534795
2.74666626 -17.48098926 -16.62341346
3.56621863 -19.05362345 -15.01902669
4.54364848 -20.45842852 -13.37950193
5.71583214 -21.71722680 -11.75930847
7.15243975 -22.85027778 -10.23456921
8.88448093 -23.69380427 -8.80081256
10.81738804 -24.19928115 -7.46860908
12.89041307 -24.45372289 -6.29764002
15.04891365 -24.57184943 -5.26782563
17.25501580 -24.67267186 -4.33572925
19.50907042 -24.77340853 -3.52791543
21.81950473 -24.77392539 -2.90020246
24.15341713 -24.62621527 -2.36908795
26.49190603 -24.41057054 -1.87488921
28.83071450 -24.17162431 -1.41058731
31.15264208 -23.73243813 -0.95441283
33.46816273 -23.22410824 -0.52740359
35.75407472 -22.61911141 -0.09008594
37.98119902 -21.93896594 0.40731185
40.02213861 -20.81109602 0.68971321
44.98076206 2.37982593 0.83947802
43.37638762 2.16392546 2.79078209
41.73416403 1.91237967 4.70719672
39.94758775 1.72560999 6.48264012
38.15297583 1.52898346 8.25777496
36.25981946 1.32363878 9.91373725
34.21414014 1.13788381 11.36099773
32.14643916 0.94052181 12.79372749
30.09827129 0.79797851 14.28073756
28.00194628 0.71504909 15.68226223
25.83254090 0.61147686 16.95254617
23.61217510 0.50414819 18.13953094
21.35763807 0.31780227 19.22979738
-2.33233336 0.61488851 -25.37150347
-5.56161828 0.21682917 -23.86814306
-9.05011166 0.09133180 -22.78376703
-12.42111417 -0.21856249 -21.42724746
-15.66197959 -0.38999369 -19.72646301
-18.63802541 -0.43921616 -17.62660621
-21.50160493 -0.46989989 -15.34579497
-24.24638071 -0.53407942 -12.89969515
-26.99765215 -0.67492840 -10.49054652
-29.47564041 -0.77910202 -7.80733485
-31.79174926 -0.90148499 -5.00299650
-34.19721699 -1.05988522 -2.61140807
-36.67184492 -1.10193596 -0.01894991
-2.04896961 -0.23451222 -25.21280451
-5.33339128 -0.56161111 -23.83204765
-8.73643776 -0.76801316 -22.58498733
-12.18859368 -1.02579300 -21.40951152
-15.39669740 -1.17176072 -19.70798184
-18.33383409 -1.19455848 -17.52265755
-21.08562238 -1.20709842 -15.11480805
-23.87709845 -1.35985683 -12.75174708
-26.67137919 -1.58319620 -10.41762873
-29.35593048 -1.79346261 -7.97777724
-31.83656783 -1.83746041 -5.35231402
-34.06489526 -1.84537023 -2.54382133
-36.35245470 -2.04062158 0.20138402
35.56439483 19.14176496 16.36454584
32.59556970 20.93883462 14.67409497
29.31772445 22.29066183 13.17902087
25.65163882 22.98981191 12.23835626
21.84696106 23.25422215 11.82851556
18.02149870 23.24234214 11.91753007
14.26824959 22.76280408 12.55146165
10.65899402 21.84777352 13.52658880
7.16778393 20.77979351 14.78658408
3.67778537 19.90269944 16.15591850
0.03484876 19.32451810 17.27999211
-3.69546798 19.00710855 18.19241743
-7.47075324 19.08129839 18.89776988
37.62656145 -16.58314805 15.38582220
34.98432840 -18.80080592 13.76790605
31.87729410 -20.42246221 12.31634952
28.32806127 -21.35537137 11.49283630
24.59001368 -22.01738720 11.18738909
20.82831593 -22.35626996 11.18304453
17.06114107 -22.15698269 11.57022369
13.41157620 -21.59108142 12.52908049
9.87222158 -20.89676375 13.82368432
6.38187013 -20.27930632 15.26284878
2.81386481 -19.94596105 16.58364899
-0.83025860 -19.80141567 17.65757950
-4.49095875 -20.06625670 18.61042338
-40.84677322 0.07498824 4.27515690
-42.19779484 1.21741943 6.27348570
-43.21341984 2.78481160 8.19949154
-43.63756929 4.54144595 10.14849457
-43.43171563 6.15770981 12.05474130
-42.74490438 7.76037097 13.93024001
-41.85892392 9.39071188 15.76564379
-40.52865006 10.96849962 17.35024168
-39.33735761 12.96552219 18.65261985
-38.22388217 15.16934808 19.71691624
-37.07085283 17.41955793 20.57561530
-35.82452400 19.60624741 21.51379200
-34.45513912 21.69596918 22.47988775
-40.21420116 -3.50740272 4.24453875
-41.14345212 -4.72974300 6.17365632
-41.69249180 -6.15615860 8.11073802
-41.88416075 -7.76349377 9.99660262
-41.76912030 -9.31495639 11.96902600
-40.97719481 -10.81582674 13.79631205
-39.71299276 -12.34376996 15.31160989
-38.32396005 -13.94947800 16.69278642
-37.00585937 -15.65469241 18.00762992
-35.70950322 -17.47236968 19.17705178
-34.33334248 -19.32801872 20.18843242
-32.82039877 -21.12341960 21.11137129
-31.19037042 -22.83919835 21.96509454
-12.58654103 20.60867181 0.48138942
-14.55678469 20.54393496 3.02387635
-16.86188048 20.00241087 4.98435461
-19.54900767 19.11044162 6.29096726
-22.26370256 17.66785539 6.77212731
-24.74759357 15.77963092 6.62488399
-26.90461527 13.65843305 5.76257832
-28.41041843 11.41806721 4.32340987
-29.39947174 9.23402661 2.42317077
-29.58734338 7.50741287 0.13935999
-28.86828444 6.34793881 -2.45738921
-27.56341759 5.68578567 -4.96434013
-25.55320427 5.58365454 -7.11704708
-22.88510728 6.45111317 -8.55258487
-20.08818070 7.61376825 -9.73884458
-17.34497091 8.97100919 -10.74003508
-14.70077670 10.81161701 -11.07467618
-12.04023699 12.62060538 -10.90714551
-9.91575290 14.43374628 -10.86695738
-8.17586127 16.08198778 -10.75100652
-7.05448862 17.79015431 -9.74205950
-7.67356307 19.38090210 -7.57656854
-8.91837002 20.08251902 -4.82719855
-9.18858726 -21.94267312 -1.62147754
-11.07612466 -22.16337157 1.03179068
-13.32694144 -22.05938652 3.40485526
-15.93470383 -21.50970012 5.29329938
-18.80770432 -20.32650714 6.29639549
-21.65918300 -18.79669366 6.42591532
-24.18727016 -16.84462467 5.82637594
-26.19894072 -14.63117621 4.56045833
-27.73792900 -12.38974345 2.77904786
-28.46570263 -10.32706265 0.40231935
-28.22938255 -8.64118800 -2.33188557
-26.98660054 -7.49562689 -4.96150308
-25.07774988 -7.00933967 -7.22040339
-22.36418323 -7.57792343 -8.74960117
-19.48499890 -8.61218282 -9.79696398
-16.80833369 -10.19693987 -10.50388226
-13.98258578 -11.75941440 -10.98403586
-11.17941617 -13.20140233 -11.53742946
-8.46820829 -14.55945932 -12.41266922
-5.79623284 -16.30139749 -12.69553048
-4.20817020 -18.54894250 -11.64995584
-4.30872105 -20.69605086 -9.43764941
-5.47829747 -21.61370454 -6.70129149
'#16
67.9818875 -52.1090172 11.2102646
66.5742302 52.6460362 9.6619769
12.8511831 -40.0448893 1.8832742
12.0873142 40.8472311 0.8159006
84.4367060 -23.7355472 -5.8332577
82.6772776 25.5242884 -8.0682549
92.7700103 -25.9287695 6.0083809
91.0256932 29.3391051 3.9516537
84.7282838 -20.4386237 8.6725092
83.5082452 23.0213218 8.0244797
75.0820168 -8.0457873 12.9749038
75.0063439 9.3844513 12.3327208
71.0160832 0.7851266 17.7399593
77.5780027 0.7439453 9.2172839
47.7640553 0.1488764 -13.3012462
53.1866176 -9.0782009 -12.4974724
52.9173729 9.4988312 -12.3674955
51.8727236 -6.7179971 -14.8079458
51.6156783 6.8325485 -14.9262443
53.6171889 -20.6070059 -11.2268354
55.2917495 22.0039015 -12.4582224
3.2836359 -24.9884747 -18.2545507
2.2146076 25.3319238 -18.3080946
-5.9464429 -25.5727538 -21.7353207
-7.4557228 25.5559696 -21.6221284
54.1151942 -22.8378944 2.2923169
53.6982608 23.7869977 1.5547744
-20.4826572 -1.2334018 19.9472731
-20.5635428 0.8851081 19.8174583
-37.7199954 -1.4131186 4.5447667
-37.8577590 0.7329888 4.7701205
-23.1034726 -1.0411028 16.2717902
-22.9808853 0.6525616 16.1478621
-17.7589294 -25.7687975 -2.7937653
-19.3903980 25.6876498 -2.6825165
-14.7746667 -22.9844977 4.8540523
-15.7160213 24.4307965 3.4874972
-29.5997940 -12.2620245 5.0176155
-31.0561345 11.2533102 4.9028273
-41.2971927 -16.0682853 -10.2968543
-41.9715395 14.1666405 -7.8465841
-33.0659200 -26.5710347 -25.6359503
-36.4633761 25.0028158 -23.7615233
3.0708145 -37.8373971 -0.9489089
1.9854395 38.4018833 -3.1760707
-13.7116674 -34.0533038 -13.3187906
-16.4237873 33.6975122 -11.9004990
-9.3651082 -31.9997861 3.1400851
-9.7762486 32.6110332 3.1869029
-1.1118407 -33.8634186 -15.0825934
-3.7588545 33.7797827 -15.5913349
12.9496783 -28.3444698 3.1676318
11.8937003 28.5903833 1.9225342
-19.6100118 -3.9706120 18.6935767
-18.6842181 -6.7254121 17.5144225
-17.6149186 -9.4680805 16.4116640
-16.2468434 -12.1359649 15.4298596
-14.5605358 -14.6189000 14.4221987
-12.7439821 -16.8945910 13.1831778
-10.8679529 -19.0059362 11.7650340
-8.8555668 -20.9390989 10.2695568
-6.6269307 -22.6544517 8.8051793
-4.1511157 -24.1382397 7.5067260
-1.4480679 -25.3918046 6.4461396
1.4241743 -26.4321213 5.6120669
4.4037737 -27.2719858 4.9317890
7.4537161 -27.9078060 4.3539709
10.5496357 -28.3247560 3.8363617
13.6716449 -28.5205295 3.3577672
16.8074667 -28.5297044 2.9393884
19.9529313 -28.4094498 2.6142573
23.1067894 -28.2190577 2.4010494
26.2626336 -27.9749642 2.2843472
29.4118403 -27.6794638 2.2236793
32.5521100 -27.3455890 2.2158999
35.6845027 -26.9813210 2.2859418
38.8097858 -26.5769026 2.4333056
41.9289770 -26.0877659 2.6130446
45.0298914 -25.4446122 2.7291719
48.0947870 -24.6305309 2.7063511
51.1201387 -23.7003248 2.5602842
-19.8116709 3.6288546 18.3175329
-19.0607982 6.3879371 16.9246722
-18.1546329 9.1610383 15.6322782
-16.8934975 11.9185492 14.7465173
-15.3918274 14.5147359 13.6652946
-13.6963070 16.9318464 12.4745812
-11.8674390 19.1492559 11.1071242
-9.9249203 21.1915145 9.6213626
-7.7553072 22.9924755 8.1529646
-5.2660138 24.4928793 6.8485783
-2.5249545 25.7052993 5.7229101
0.3722440 26.6186336 4.6976315
3.3600476 27.3108842 3.7668468
6.4282670 27.8671744 3.0252686
9.5537077 28.3077292 2.4837357
12.7114779 28.6073486 2.0581260
15.8874798 28.7481688 1.6853005
19.0718215 28.7366748 1.3434527
22.2591681 28.6054317 1.0408751
25.4494671 28.4005960 0.8068399
28.6437831 28.1702297 0.6757262
31.8382306 27.9410066 0.6682865
35.0273753 27.6852087 0.7544462
38.2085017 27.3520043 0.8802275
41.3754011 26.9101882 1.0267354
44.5220451 26.3495699 1.1878429
47.6408264 25.6533858 1.3433654
50.7166904 24.8049176 1.4681186
69.3139608 0.7577350 15.4707077
67.6953338 0.6509548 13.2708134
66.0529619 0.5606768 11.0850688
64.3911993 0.4840191 8.9114677
62.7175058 0.4189177 6.7441203
61.0411092 0.3634615 4.5754724
59.3749597 0.3141823 2.3955018
57.7391172 0.2667424 0.1893353
56.1263557 0.2217985 -2.0349716
54.5069094 0.1835916 -4.2545214
52.8655308 0.1530838 -6.4576495
51.2069012 0.1287916 -8.6473959
49.5376893 0.1094470 -10.8288402
-21.0851177 -0.9447229 18.4898402
-22.1826294 -0.8271937 17.3252043
-23.6164469 -0.8036290 16.3983072
-25.1117485 -0.8434485 15.5682779
-26.6365141 -0.9023633 14.7610439
-28.1625811 -0.9462224 13.9535260
-29.6706145 -0.9837083 13.1242837
-31.1687391 -1.0345853 12.2758201
-32.6128896 -1.0974729 11.3485126
-33.8716756 -1.1161190 10.2145627
-34.9317809 -1.1170067 8.8824443
-35.8734017 -1.1680743 7.4511995
-36.7900266 -1.2765937 6.0059067
-21.1336636 0.6587615 18.3150137
-22.2049549 0.6179222 17.1214315
-23.5499360 0.5875304 16.1683445
-24.9930676 0.5074028 15.3001859
-26.5538567 0.4514481 14.6121059
-28.1341371 0.4695138 13.9499840
-29.6777986 0.5072131 13.1921522
-31.1743670 0.5157365 12.3449910
-32.5758719 0.4851347 11.3626470
-33.8184860 0.4563970 10.2195768
-34.9501602 0.4664071 8.9589883
-35.9586819 0.5321096 7.5836491
-36.9058186 0.6469404 6.1705938
49.3100723 -21.6708158 -11.5542165
45.0009627 -22.5591405 -11.6265360
40.6422904 -23.5026330 -11.3073384
36.2732118 -24.4569070 -10.6842432
31.8720366 -25.2800562 -10.0771181
27.4004522 -25.8716782 -9.7770632
22.8965148 -26.2200003 -10.0167381
18.4581174 -26.3264582 -10.8723282
14.2022699 -26.1489791 -12.3650799
10.2422681 -25.6419595 -14.4507088
6.3046567 -25.0883699 -16.6120985
2.1861445 -24.9457974 -18.4088808
-1.9525672 -25.1323347 -20.1135615
50.7534251 23.0334252 -13.6005066
46.1826694 23.7598462 -13.8555666
41.6142086 24.3861315 -13.2000649
37.0684758 25.0723952 -12.3168546
32.4810190 25.8576612 -11.6696562
27.8446953 26.5505583 -11.2713587
23.1743571 27.0250409 -11.2665923
18.5375083 27.2171906 -11.8652450
14.0468936 26.9985085 -13.0987284
9.7585291 26.3537902 -14.7785889
5.5501718 25.6276791 -16.6713868
1.2337784 25.4967418 -18.4332146
-3.1151513 25.5517395 -20.0732483
-38.4313839 -3.8195942 2.6867863
-39.0661161 -6.0220675 0.6577570
-39.2955661 -8.1712120 -1.5514014
-39.2973649 -10.3867432 -3.7043968
-39.6814295 -12.4353394 -5.9617493
-40.3571937 -14.3160903 -8.2697762
-41.1020107 -16.0954931 -10.6325502
-41.5671946 -17.8451700 -13.0959665
-41.1792490 -19.4609239 -15.6174328
-40.3304966 -20.9795658 -18.0460673
-39.2397144 -22.5114041 -20.4013595
-37.6985086 -24.0486417 -22.5526547
-35.5098073 -25.4099315 -24.2430879
-38.8153003 2.7454638 2.9798717
-39.6173954 4.9029260 1.2436784
-40.1115287 7.0435157 -0.6537339
-40.4359601 9.0548191 -2.7283008
-40.8565965 11.1143640 -4.7327639
-41.4219500 13.1655893 -6.7009753
-42.0317963 15.0282775 -8.8061482
-42.3506128 16.4070753 -11.1953204
-42.4342195 17.8305274 -13.6029733
-42.1945125 19.3733533 -15.9358553
-41.4094345 20.8840619 -18.2061957
-40.1638872 22.3270901 -20.3622909
-38.4211393 23.7226533 -22.2256252
-19.6438081 -25.2442061 -4.7292567
-21.5776305 -24.7441011 -6.4969750
-23.7305084 -24.1784404 -7.9382388
-26.0952779 -23.4161937 -8.7824154
-28.4028963 -22.2256863 -8.8377085
-30.3062679 -20.7199935 -7.9537374
-31.8405023 -19.1140615 -6.5832384
-32.7461599 -17.3175610 -4.8644322
-33.2591618 -15.5707996 -2.9362744
-33.3754009 -14.0795307 -0.7400567
-32.9659260 -12.8132150 1.5494620
-31.4715991 -12.3058351 3.5784823
-29.3136599 -12.6990750 4.9788735
-27.0362674 -13.5146412 5.9154487
-24.7923802 -14.6868461 6.3331130
-22.6481529 -16.0246806 6.3862264
-20.4454761 -17.4012727 6.2567835
-18.2248989 -18.8332226 6.2836680
-16.3772098 -20.6711733 5.8478033
-15.0021351 -22.6709740 4.8786142
-14.3334960 -24.6218144 3.3336905
-14.5843570 -26.2262496 1.3009674
-16.0257262 -26.3304512 -0.8503395
-21.2894208 25.0008827 -4.5566156
-23.2304802 24.4026020 -6.2681156
-25.4252902 23.8681173 -7.6223798
-27.7443347 22.9887733 -8.4247431
-30.0237309 21.7045085 -8.3919544
-31.8636988 20.1460036 -7.5363495
-33.1228921 18.4008413 -6.1002768
-33.9519207 16.6414653 -4.3172599
-34.4096415 14.8513717 -2.4131667
-34.4193731 13.2298451 -0.3482915
-33.8092836 12.0897968 1.9067145
-32.2631343 11.5326595 3.9154062
-30.1182697 11.7349125 5.3332753
-27.8251302 12.6381389 6.0410167
-25.6927981 14.0772300 6.2377131
-23.6346934 15.6281337 6.2443505
-21.4654362 17.1165135 6.1762569
-19.2548605 18.5433194 6.2943976
-17.5279464 20.4834057 5.7960727
-16.3468515 22.6001686 4.7936199
-15.7568634 24.6062649 3.3043494
-16.1914633 26.1364776 1.2261031
-17.6266567 26.3897132 -0.8620380
'#17
-36.45553500 -14.74143206 -10.40315699
-37.27009921 15.12922837 -6.86772452
-9.46248739 -15.03944592 -3.93183467
-9.59761094 15.02314434 -0.12939967
-37.54983234 -12.28076461 1.50886735
-38.27223076 10.36283188 3.89265309
-40.48347987 -13.07528432 -2.29331322
-40.80624427 11.86578884 0.38309065
-34.73088536 -12.34869965 -7.59540876
-35.12043293 12.30147238 -4.68631824
-28.97255056 -5.19008285 -3.05105641
-29.28294393 4.81875004 -1.78505616
-26.80387942 0.17998365 -4.80947334
-30.78104395 -0.06955567 -1.23758719
-6.76527143 -1.08798996 9.98523663
-8.72220602 -5.04719177 10.72064224
-9.04922681 2.57683026 11.80181375
-9.02372686 -5.12762005 10.68257255
-9.43750913 2.74240814 11.65600478
-20.82242818 -8.89644791 3.74731113
-21.15049064 7.12924968 5.21548397
-2.11310239 -9.83676254 9.13907268
-2.65746235 6.88653603 10.55139923
4.18262369 -10.51515107 11.68795428
3.87370182 7.05673538 13.55169404
-21.65552006 -10.20946611 -2.86932360
-22.60114715 10.61857403 -1.00616658
3.61618215 0.69302343 -10.77022390
3.73366834 2.35667720 -11.04950972
17.00957732 -0.31685179 -3.68555735
16.99832102 1.72460996 -3.97701724
6.37149677 0.43231018 -8.66042744
6.44799135 2.38211928 -9.12258711
4.41809053 -9.93024161 -0.71884272
3.93792327 9.80659393 1.35830089
3.95499347 -7.09537770 -4.38691115
3.38291179 8.64464728 -2.50365919
13.75676080 -2.30088276 -4.27949642
13.81303975 4.00606805 -3.97255106
19.23210166 -4.52143656 3.12868774
18.52684160 3.45522230 3.06034731
14.70968366 -11.97637103 12.76911017
14.68850712 8.25771044 15.20106849
-3.56666491 -14.22355774 -0.60896192
-4.36882794 13.85334832 2.81753179
3.65620898 -13.70485077 4.41083166
2.99940970 11.87150944 7.39639522
0.84369652 -11.96952978 -2.26332108
0.53217706 12.11146358 0.45379570
-1.93294411 -14.08409517 5.07132651
-1.87837542 11.67661628 8.39807665
-5.73709554 -10.74009293 -3.48430578
-5.46408828 10.71456870 -0.89544143
3.68353472 -0.37565195 -10.36258641
3.67101757 -1.46766029 -9.88728931
3.57459778 -2.52591478 -9.34951630
3.33654146 -3.52027015 -8.75099731
2.97731898 -4.46327914 -8.13238579
2.52367767 -5.37605286 -7.52371673
1.97897504 -6.26470331 -6.94947209
1.35303383 -7.12458498 -6.41693386
0.65885878 -7.94628994 -5.91671533
-0.09162156 -8.72522866 -5.43894607
-0.93256437 -9.41945348 -4.97836144
-1.93709928 -9.91689445 -4.57283706
-3.01963633 -10.26935058 -4.22992344
-4.11584779 -10.56733124 -3.87070913
-5.23420950 -10.80738438 -3.52901004
-6.37616291 -11.00493004 -3.24457458
-7.54431833 -11.15553331 -3.05632740
-8.72704082 -11.27456665 -2.95532384
-9.91697337 -11.36948964 -2.91032513
-11.11038708 -11.43268734 -2.90547847
-12.30320223 -11.48116616 -2.90871407
-13.49469349 -11.50474351 -2.91835853
-14.68316292 -11.45045509 -2.94246686
-15.86481057 -11.32860634 -2.96366970
-17.03915599 -11.15769360 -2.97442535
-18.20662538 -10.95229203 -2.97503438
-19.36875388 -10.72471847 -2.96944785
-20.52685719 -10.48225690 -2.95987169
3.75185103 3.38988018 -10.54296260
3.72752195 4.39595834 -9.87858896
3.58139972 5.29971582 -9.10223925
3.25620165 6.05840933 -8.24148920
2.77771800 6.73424014 -7.37269680
2.24508504 7.41044358 -6.52624399
1.69254991 8.09480332 -5.69337482
1.09304509 8.77143059 -4.87944945
0.40726842 9.42358995 -4.11375590
-0.40198770 9.99763220 -3.41461907
-1.33463793 10.43364038 -2.77267983
-2.38586013 10.75963539 -2.24125955
-3.49191089 10.99237018 -1.77876268
-4.62626681 11.13317987 -1.35708058
-5.77922735 11.20299697 -0.97050969
-6.95178777 11.23216094 -0.63610796
-8.14578946 11.25648537 -0.38093753
-9.35637907 11.28999539 -0.21634317
-10.57554332 11.32906897 -0.13013999
-11.79669962 11.36834639 -0.09464758
-13.01914242 11.39028547 -0.10264546
-14.24141782 11.38839149 -0.15126650
-15.46191972 11.37075535 -0.22291893
-16.68075694 11.32999983 -0.30555667
-17.89411281 11.23239752 -0.42379173
-19.09649426 11.08298497 -0.58184784
-20.29239728 10.90918225 -0.75522506
-21.48475886 10.72199875 -0.93549393
-25.58194577 0.06213010 -3.51081188
-24.33295803 -0.02816667 -2.23379836
-23.05084446 -0.11468548 -0.98940626
-21.72197084 -0.19536098 0.20572599
-20.33040833 -0.26635278 1.32928151
-18.87540841 -0.32789309 2.37143534
-17.36277230 -0.38600403 3.32899717
-15.81445788 -0.45389577 4.22585332
-14.27151987 -0.53958478 5.12825119
-12.74988983 -0.64033394 6.06318212
-11.24649463 -0.74782755 7.02413953
-9.75325314 -0.85768724 7.99876673
-8.26584019 -0.96846513 8.98102852
4.50047782 0.71706507 -9.99983980
5.46367345 0.77751612 -9.38368283
6.52941485 0.77785370 -9.01574837
7.57792964 0.66039133 -8.98788956
8.70348384 0.57557338 -8.88390795
9.84209052 0.57444590 -8.63200879
10.91754981 0.62446558 -8.25008806
11.96689216 0.59032577 -7.85126138
13.01313726 0.46584357 -7.47731453
14.01649910 0.37567760 -6.96953191
14.89656916 0.26111262 -6.25287309
15.64199398 0.10041590 -5.40771925
16.31840245 -0.09455215 -4.52562725
4.71970875 2.25678901 -10.42883508
5.69736792 2.22247796 -9.81628347
6.47657902 2.23234018 -9.47700876
7.58346776 2.23591011 -9.31057619
8.67148139 2.29159406 -9.20725520
9.79080069 2.31058124 -8.87700837
10.87986583 2.32518276 -8.53484740
11.99269175 2.34410086 -8.30704166
13.07357065 2.29043607 -7.89907875
14.05076280 2.16652714 -7.29416015
14.93551859 1.98294042 -6.56274299
15.68421494 1.83114170 -5.70832024
16.34235566 1.76046513 -4.80115733
-19.40838491 -9.69948015 2.76122953
-17.51467204 -10.27569863 2.71796713
-15.56598223 -10.65880544 3.01693339
-13.58569721 -10.79975622 3.35173053
-11.62301535 -10.79231677 3.79396077
-9.74238506 -10.58293668 4.44507878
-7.97256524 -10.25195430 5.34647769
-6.28477873 -9.99728163 6.40960831
-4.66787718 -9.82515798 7.56765937
-2.94966756 -9.76272238 8.60453855
-1.17959706 -9.76970301 9.54247754
0.68867150 -9.75491076 10.20399723
2.59141999 -9.95046794 10.67275747
-19.56625828 8.23934971 4.87066358
-17.75935146 8.95826070 5.10608587
-15.84810454 9.25595176 5.43603231
-13.88138344 9.20802404 5.68874162
-11.94213501 9.02891214 6.09433432
-10.05932112 8.69234226 6.62672398
-8.25846699 8.26168505 7.34156004
-6.54534008 7.77859449 8.22255822
-4.89390263 7.27291129 9.19670512
-3.22101775 7.00019877 10.20507908
-1.50390953 6.89781381 11.17597373
0.36311261 6.82954352 11.81304655
2.20858210 6.88644662 12.52996230
17.61975267 -1.04858601 -2.41507003
18.03944334 -1.78168122 -1.10073902
18.42048940 -2.55481444 0.19139593
18.79990989 -3.32716888 1.49465298
18.86680191 -4.13045154 2.80656018
18.95136726 -5.04035810 4.08252888
19.06687713 -5.98062450 5.33274768
19.06661819 -6.93660327 6.56319315
18.79987921 -7.88560700 7.76964876
18.33775075 -8.77447412 8.94857051
17.66052750 -9.61505764 10.05870403
16.72951368 -10.39035983 11.04119259
15.69465220 -11.14078415 11.93142505
17.41227792 2.11565652 -2.48603149
17.76830137 2.41414429 -1.02027584
18.05226056 2.69692919 0.46666952
18.29455752 3.04301436 1.93950176
18.53925672 3.55531805 3.38045766
18.70599647 4.02989380 4.83829998
18.65355942 4.58762868 6.28605757
18.54744929 5.18533286 7.71375138
18.39119251 5.78052282 9.13681367
18.04088560 6.33378088 10.52275330
17.48743313 6.81868961 11.87332645
16.73042526 7.30396524 13.12448400
15.76520086 7.79302216 14.21118493
4.98055874 -9.84300127 0.78492391
5.81812979 -9.83755875 2.28182881
6.93070874 -9.90141044 3.58706821
8.26454580 -9.92604737 4.66329972
9.84628133 -9.72842126 5.26632841
11.52449138 -9.41796974 5.33310735
13.04745583 -8.78340081 4.89557781
14.16859681 -7.79823291 4.09734972
14.78046343 -6.61249799 3.03582243
15.14619516 -5.48562749 1.79694759
15.31418211 -4.47912035 0.41836376
15.35809833 -3.52448070 -0.99155229
14.97319250 -2.76111138 -2.44908320
14.19547922 -2.21936928 -3.83917401
12.78000110 -2.32917970 -4.73839631
11.13006328 -2.66583394 -5.04343172
9.54981274 -3.18890187 -5.27330097
8.02592153 -3.92912856 -5.29823272
6.57908947 -4.73797138 -5.10865086
5.17032802 -5.64195706 -4.82698291
4.01270789 -6.82152717 -4.55913124
3.77261699 -8.22943681 -3.64678874
3.96380323 -9.24643518 -2.30778391
4.56728486 9.41768269 2.93220865
5.49726023 8.97519845 4.31354072
6.55978499 8.62712418 5.61582830
7.90465874 8.37238288 6.61279497
9.48049565 8.05086018 7.14297879
11.15691824 7.73172951 7.16290072
12.65384190 7.22747199 6.54826490
13.83711736 6.46030781 5.58089590
14.51173840 5.74651558 4.18398690
14.93102204 5.04928580 2.67300622
15.21558539 4.42578640 1.09464668
15.27384267 4.04444475 -0.56848015
14.80970657 3.80692333 -2.14107115
14.01292737 3.90893331 -3.54437111
12.75795811 4.25963587 -4.49310281
11.14427707 4.78979038 -4.72717444
9.51335364 5.28146462 -4.83529601
7.90035826 5.80092070 -4.73440867
6.37816918 6.44872922 -4.32725373
4.94362120 7.22824613 -3.85556948
3.74457855 8.16027096 -3.19583580
3.27916703 9.01278188 -1.86494193
3.41397170 9.58984235 -0.27476228
'#18
54.14868069 24.95483757 -14.09353499
53.15868270 -25.19808892 -14.07592442
12.82473965 24.29074805 -1.79741129
13.13887318 -24.68630580 -2.58113498
56.11600428 14.54075625 1.99152189
55.92939662 -15.05452370 1.59526747
61.70233547 15.80886838 -5.34000837
61.30090807 -16.34101254 -5.64415544
52.46691039 17.19313177 -10.50141616
52.50540650 -17.13065125 -10.64626771
44.67694887 7.28725379 -7.69767517
44.36710743 -7.64759312 -7.60407446
40.73619799 -0.07880954 -10.58075946
46.84191419 -0.14738498 -6.19373486
14.99812073 -0.05541703 12.76348697
19.98519094 6.32692365 15.58966952
19.80034769 -6.70018729 15.65803349
17.73816165 4.73639767 15.79306158
17.42929226 -5.18564144 15.63671582
34.55836759 13.01686797 7.51267170
32.75246121 -13.72972506 7.44934441
3.43776521 12.84026141 14.39749967
2.92644576 -13.28082469 13.87927718
-6.99135768 13.21077417 17.31826986
-7.06912231 -12.81252245 16.56571173
34.99549022 15.72958640 -3.32948525
35.10450266 -16.84036519 -4.26664356
-7.89802366 1.00462570 -16.43075369
-7.88229173 -0.49782593 -16.44852441
-24.26683862 0.85716132 -6.52769764
-24.21982809 -0.12624780 -6.67254532
-10.35063460 0.72674239 -12.79114295
-10.47766470 -0.34598930 -12.54328850
-7.94837460 14.43001759 1.52974778
-8.06247882 -14.21805049 0.95763791
-6.95971263 12.72471614 -3.29682077
-7.20133025 -12.55917267 -3.43987195
-20.46261136 5.45500990 -1.99755378
-20.70005122 -4.79855336 -2.11108914
-26.82797670 5.49379491 5.28352480
-27.51879995 -5.27286190 5.35752326
-23.92277172 14.08132550 18.43327908
-25.23510140 -13.53197829 17.65408188
3.48811939 22.00815119 2.41120175
3.33252095 -22.31786164 2.49902411
-7.55713002 19.61744173 8.73028430
-8.21601266 -19.70963928 8.27085468
-4.12542458 18.23495934 -0.88178193
-4.07132324 -18.71490040 -1.62015819
0.88412091 20.28087700 10.58234981
0.12392319 -20.35567440 10.09447787
7.55846746 18.06164152 -2.19561186
7.31720000 -18.02231054 -2.33388922
-7.90472995 2.51258583 -15.15789950
-7.74167413 4.13707547 -14.02586177
-7.52847085 5.69677591 -12.84358825
-7.09265518 7.15227216 -11.61757599
-6.59686024 8.61968782 -10.37541367
-6.01280956 10.04997657 -9.13034241
-5.22844839 11.37334138 -7.85124816
-4.32474493 12.64706206 -6.61489243
-3.24134126 13.91555835 -5.50931820
-1.85478871 15.08649853 -4.66680899
-0.30706751 16.14820118 -3.95043804
1.40694695 16.98572772 -3.32217653
3.27272044 17.51768789 -2.78245968
5.20980903 17.85859242 -2.32379054
7.18673195 18.11210661 -1.95971769
9.19095264 18.29538578 -1.71950592
11.20783313 18.41513999 -1.59564207
13.22897622 18.48660705 -1.56981657
15.25282212 18.50541430 -1.61331147
17.27602358 18.46855441 -1.69187706
19.29469412 18.40530471 -1.81137086
21.31078381 18.32947806 -1.96112166
23.32683420 18.25201392 -2.13059702
25.34188989 18.15284668 -2.30611200
27.34478760 17.95344891 -2.45891368
29.32240934 17.62025241 -2.57571559
31.27234956 17.15987653 -2.71967302
33.16454461 16.56065203 -2.99559515
-7.87124658 -2.23230288 -15.43460001
-7.69101084 -3.92051616 -14.34920842
-7.38128926 -5.57412806 -13.24375136
-6.94232764 -7.12719643 -12.10676925
-6.51468170 -8.61018167 -10.81417811
-5.95650683 -10.08711794 -9.55663441
-5.30772693 -11.54226981 -8.34195567
-4.55008678 -12.97157844 -7.15902119
-3.53698181 -14.33327715 -6.08379371
-2.16706173 -15.48618932 -5.15045144
-0.54393612 -16.40278159 -4.33990223
1.22895869 -17.12342252 -3.64677062
3.11077470 -17.63130575 -3.07133281
5.05528042 -17.92994373 -2.60105273
7.03351000 -18.09001852 -2.22854502
9.05054916 -18.25837499 -2.04437288
11.07998696 -18.42254289 -1.97954768
13.11314008 -18.51967518 -1.94264996
15.14677147 -18.55866515 -1.95309597
17.17816902 -18.58118733 -2.02139736
19.20942796 -18.60844989 -2.14687516
21.23811906 -18.66323990 -2.34515139
23.26449604 -18.66734270 -2.57175487
25.28359188 -18.55124379 -2.78224810
27.28617229 -18.33561941 -3.00866446
29.27492788 -18.04610646 -3.26248228
31.25153872 -17.69351278 -3.54867884
33.21346363 -17.28323177 -3.87192887
39.37530331 -0.15309187 -8.42382058
38.02644250 -0.21316523 -6.29951057
36.63182328 -0.27002859 -4.20328810
35.16868423 -0.32197295 -2.15386484
33.47189245 -0.36089732 -0.25771151
31.87619338 -0.40663027 1.65089167
29.97698918 -0.42923010 3.30923497
27.93713973 -0.43438603 4.78877348
25.63920170 -0.39847889 5.97073740
23.69015304 -0.38052129 7.46480863
21.52668712 -0.32076806 8.76141784
19.37115672 -0.24771532 10.06484318
17.22910114 -0.16708237 11.37524561
-8.62708723 0.62604470 -15.22835605
-9.43010938 0.30803977 -14.06189003
-10.53987028 0.14802262 -13.17896163
-11.82193737 0.17667483 -12.67696198
-13.05652780 0.26715014 -12.09376407
-14.31883906 0.37367537 -11.41904505
-15.59232905 0.44993741 -10.72471146
-16.87530998 0.47788326 -10.22068798
-18.14473207 0.54055327 -9.69837840
-19.33917170 0.61964305 -8.87269747
-20.54817823 0.68705436 -8.06893101
-21.82793538 0.81271937 -7.42465742
-23.08154345 0.93212294 -6.86462084
-8.34608918 -0.26903336 -15.14612603
-9.28647828 -0.21892012 -14.09705790
-10.33435910 -0.20636559 -13.13282564
-11.47266411 -0.19015353 -12.30838233
-12.75787322 -0.17260157 -11.72403016
-14.06837510 -0.16695958 -11.19975149
-15.37085620 -0.16017051 -10.65602891
-16.67345919 -0.14805784 -10.04462549
-17.93341294 -0.13904671 -9.36594537
-19.16207701 -0.10856491 -8.68995068
-20.40020057 -0.07664070 -8.09615105
-21.66444993 -0.02119776 -7.59672392
-22.93604054 -0.03914435 -7.12105514
31.46045161 13.85850829 7.21011918
28.44441464 14.68861199 6.77881435
25.39262725 15.45376619 6.51823560
22.24187751 15.89937266 6.74123876
19.08999085 16.05283367 7.19434473
15.98985794 15.87022681 7.90654492
12.99937971 15.40483975 8.91176455
10.15216865 14.79742516 10.21571925
7.47862429 14.09810750 11.81222002
4.92420880 13.29419917 13.54757983
2.20606622 12.68083140 15.08945370
-0.80846242 12.54627425 16.09333881
-3.91959862 12.58610513 16.74474988
29.97400010 -14.66744985 6.58019225
27.08032095 -15.54953502 6.11642705
24.08042611 -16.20294596 6.10155743
21.05839760 -16.62286040 6.44653985
18.03526708 -16.73829802 7.00907173
15.04678803 -16.52677283 7.67610533
12.19487050 -16.06970302 8.67164276
9.52317101 -15.43282849 9.99796940
7.02122190 -14.59624905 11.55196776
4.55159003 -13.71220309 13.13784856
1.91591122 -13.15294644 14.53728831
-1.00487320 -12.91466874 15.42062213
-4.02320784 -12.79843379 15.97096536
-24.95887257 2.06385936 -5.08982093
-25.44486611 2.77460258 -3.22369399
-25.82287073 3.38220660 -1.24314569
-26.09723995 4.02469176 0.74136282
-26.44029594 4.65878041 2.74364324
-26.90787115 5.32448155 4.73058944
-27.33176104 6.10342623 6.68706455
-27.61891911 7.07243944 8.57835100
-27.63097309 8.16797089 10.41273051
-27.31054860 9.28420860 12.21286750
-26.59195484 10.41562758 13.88175584
-25.73043691 11.56985027 15.45621763
-24.81670156 12.79617872 16.96848947
-24.81224097 -1.06205185 -5.02197250
-25.27511823 -1.87463156 -3.25205782
-25.64170700 -2.56744107 -1.36967224
-26.06382559 -3.23356632 0.52589636
-26.60564000 -3.93435705 2.39413031
-27.15359042 -4.67398018 4.25580211
-27.60177397 -5.48525345 6.11209702
-27.80743633 -6.49270930 7.90572632
-27.82015948 -7.60834399 9.64121673
-27.60846179 -8.71755929 11.37271208
-27.17818289 -9.85939636 13.02811306
-26.63276235 -11.03321335 14.62956289
-25.96981878 -12.26581958 16.15974625
-9.09517729 14.18034780 3.33286478
-10.36944117 14.00379399 5.09952591
-11.87005702 13.85199883 6.67144376
-13.61447980 13.55878055 7.93209454
-15.52108729 13.08460489 8.85121727
-17.58381417 12.50166529 9.20161860
-19.58096432 11.80958486 8.74818597
-21.11119422 10.65927144 7.76081333
-22.07029651 9.32567126 6.35167431
-22.54339020 8.05129834 4.65275891
-22.52967202 6.98831789 2.76435359
-22.17954797 6.08659959 0.81971908
-21.28266158 5.57296610 -1.01675552
-19.82565559 5.48361974 -2.59743433
-17.99122003 5.92803911 -3.65835832
-16.11691551 6.54380658 -4.50529794
-14.22079127 7.26598064 -5.09642695
-12.23974019 8.08218528 -5.29419268
-10.29080349 9.03498032 -5.15825644
-8.59497214 10.29566176 -4.64812088
-7.34436044 11.89432212 -3.88338826
-6.77494682 13.41123564 -2.51300146
-7.10012032 14.14092305 -0.51952000
-9.28188793 -14.10577584 2.90679520
-10.59898414 -13.97230224 4.67020100
-12.10754884 -13.77931715 6.26633726
-13.81168538 -13.47268466 7.63013469
-15.69597496 -13.07383763 8.68263747
-17.76970031 -12.52340912 9.01546749
-19.69834394 -11.60350621 8.57359496
-21.29782397 -10.42927327 7.66262238
-22.28481267 -9.17682842 6.17589972
-22.68876253 -7.96339299 4.40674644
-22.78375353 -6.77753392 2.59390324
-22.52012228 -5.74099758 0.75719087
-21.57963714 -5.11834982 -0.99880979
-20.13370370 -4.98888882 -2.56498824
-18.34413675 -5.35638741 -3.77650841
-16.41855852 -6.01322444 -4.56721522
-14.56996936 -6.78724166 -5.25868694
-12.68048190 -7.75048306 -5.60491656
-10.77921079 -8.83968695 -5.45748957
-9.00606056 -10.05817577 -5.06930650
-7.71129577 -11.54383245 -4.35676346
-7.21252149 -13.01894722 -2.93092599
-7.42931963 -13.85593737 -1.03087476
'#19
63.10338241 36.69171836 -13.67795833
60.80815821 -37.50908085 -13.54923242
20.42761597 32.47624404 -0.35474597
20.43991343 -33.03134420 -0.49810582
74.62544353 16.83476326 2.15292630
73.80177656 -18.76601187 1.04845073
79.96879295 18.73425273 -6.70221802
77.73423508 -21.36999228 -8.92258936
73.62257275 19.11306633 -12.48231827
72.75153704 -19.61898349 -12.37943242
67.31888189 7.55654068 -14.92024210
66.64375071 -8.23543531 -14.87306605
63.12392854 0.04089045 -19.80013033
69.88241208 -0.29432169 -11.09073374
30.82605942 -0.49319164 15.47759535
37.41569821 7.60905514 17.25507801
36.89536469 -8.72104124 16.59350420
35.62191828 5.44911924 18.24871599
35.55688693 -6.35476837 18.17910999
43.89672363 16.96573675 9.74197532
43.16554676 -17.45541337 8.95627316
4.16562854 18.54836546 19.45290259
3.49918257 -18.87095191 19.25577450
-8.24629040 19.37256006 24.54921561
-9.43608577 -19.56677209 23.63194218
48.81696073 18.61115573 -4.47133410
47.93548268 -18.90705373 -5.11674387
-18.66750422 0.91885111 -23.58585064
-18.87804483 -0.28000638 -23.61738094
-33.22980639 1.94078087 -4.10076238
-33.42310159 -1.63545950 -4.03357747
-21.84649941 0.57933527 -14.31258621
-21.79153283 -0.02011567 -14.28718040
-14.19142078 18.81169286 4.57426222
-14.70390404 -18.94149725 4.06235822
-9.97938735 17.79323601 -4.67424021
-10.64258787 -17.84448628 -4.06028625
-28.92995339 7.19520546 -3.00647461
-29.40569090 -7.02369739 -3.10438235
-34.81428249 14.07076717 13.89923520
-35.04279704 -14.44114203 13.91270999
-24.44726119 22.36104706 25.68643652
-26.65355744 -21.84874645 24.63866947
4.90364950 29.84790291 3.37898896
4.70566208 -30.87057853 4.38179607
-9.42703897 27.69323493 13.66985561
-11.13607524 -27.60551497 12.67385405
-5.13452779 25.03186015 -0.78517430
-5.62378224 -25.49865610 -0.60656568
2.40101821 27.59018247 15.18871389
0.80798651 -27.66757293 15.15309812
10.17216467 23.20813148 -2.64513372
11.61223408 -23.33414724 -2.45365787
-17.75660786 3.18859127 -22.50045447
-16.53152522 5.32870421 -20.98966612
-15.09512046 7.18703955 -19.29372788
-13.63185936 9.11038020 -17.67735710
-11.98261368 11.02377665 -16.23415481
-10.37153223 12.86615335 -14.68579083
-8.68158619 14.52583293 -13.02976880
-6.93544037 16.13129347 -11.36538756
-5.13270557 17.67309621 -9.67650438
-3.16228757 19.11031009 -8.08470595
-0.99190449 20.36299330 -6.60394705
1.41018116 21.45411988 -5.38748032
3.96405139 22.32582091 -4.32698618
6.68130931 23.00800297 -3.58849579
9.51261055 23.34856069 -3.00574162
12.37306453 23.50204384 -2.48456511
15.19695905 23.61030255 -1.83334623
18.06985141 23.58730994 -1.44421795
20.95826287 23.46189194 -1.36238555
23.83370556 23.26114865 -1.48862239
26.70127108 22.95573237 -1.69316923
29.54965837 22.62524110 -2.01874041
32.39713924 22.27124086 -2.37880187
35.22514669 21.87065584 -2.81854853
38.03487197 21.35651991 -3.28489973
40.81502969 20.78345890 -3.79778016
43.58074022 20.06178357 -4.26781642
46.36669195 19.28956550 -4.47877898
-17.92824965 -2.67024086 -22.26069113
-16.88460690 -4.81122540 -20.65264722
-15.58195657 -6.71459589 -18.92791952
-14.13795254 -8.69725155 -17.40956195
-12.56499195 -10.64205759 -15.99277498
-10.94262441 -12.43224683 -14.43982436
-9.22527697 -14.13783756 -12.89077188
-7.49122000 -15.89172152 -11.48454324
-5.70472753 -17.47167876 -9.88140595
-3.80535439 -18.99521143 -8.35208766
-1.73917353 -20.37837639 -6.91934825
0.63245447 -21.41319475 -5.65648882
3.14830304 -22.26613278 -4.55591060
5.84865913 -22.86265512 -3.76528147
8.63965469 -23.26222099 -3.17074259
11.46074787 -23.45056675 -2.61638729
14.29366036 -23.44998084 -2.07254094
17.14201350 -23.38489736 -1.61521801
20.01163480 -23.29850098 -1.35016985
22.88206126 -23.14660834 -1.34336744
25.72890542 -22.96067004 -1.56023756
28.55179314 -22.72038851 -1.91121907
31.36089951 -22.41049601 -2.32389049
34.16511861 -22.04561715 -2.81148606
36.94998811 -21.57707818 -3.36017708
39.71519539 -21.00765264 -3.86981363
42.47431263 -20.45176436 -4.40235086
45.19119742 -19.72566209 -4.76805552
60.78314717 0.21203227 -17.32439057
58.35695248 0.33731686 -15.03195279
55.59028687 0.31762300 -13.19884350
53.02361178 0.26097766 -10.99696552
50.67380098 0.15390263 -8.49070411
48.49409712 0.02636341 -5.81311478
46.25121670 -0.10533146 -3.19038824
43.95653715 -0.18811839 -0.61070237
41.72577330 -0.22929733 2.02733669
39.58625741 -0.26193328 4.73852208
37.50951574 -0.30393217 7.48890288
35.52053820 -0.34762828 10.26952431
33.28213976 -0.42857968 12.85068130
-18.27391373 0.60372172 -21.84727740
-18.46763976 0.44112436 -20.05548827
-19.57571699 0.49588226 -18.57055108
-20.83591195 0.41480910 -17.25691846
-21.92008877 0.41467695 -15.82407516
-22.96035691 0.33835830 -14.34593407
-24.16084383 0.34521679 -12.92850299
-25.63593172 0.43669473 -11.83753916
-27.19357538 0.47756896 -10.86486043
-28.65431925 0.45490998 -9.69430071
-30.00299665 0.55458579 -8.41168944
-31.31956550 0.73306966 -7.12434689
-32.32592854 1.27297712 -5.64838167
-18.26754573 0.07448967 -21.83914612
-18.46109228 0.22307126 -20.03711516
-19.63981855 0.22013103 -18.58705876
-20.79427564 0.18393692 -17.13694242
-21.79861743 0.17961808 -15.62130752
-23.00796132 0.08121288 -14.25064753
-24.19952093 0.13324638 -12.86989877
-25.57041724 -0.05750653 -11.63311616
-27.01347315 -0.16203132 -10.46679648
-28.40040650 -0.20450044 -9.19808251
-29.97437205 -0.46485377 -8.28969187
-31.37354743 -0.67984254 -7.09534630
-32.43013749 -1.08632421 -5.58258936
40.08429045 17.48684883 10.01354642
36.16779977 18.19466880 9.64862247
32.31228652 19.31153161 9.63834582
28.38038011 20.07043719 9.97215167
24.44813001 20.61407484 10.61682885
20.57004868 21.00683443 11.55938232
16.76132180 21.00938942 12.74944135
13.26208775 20.40976956 14.54333232
9.93142686 19.55154634 16.60372476
6.46846037 18.74383506 18.44436921
2.85761623 18.45744924 20.14030201
-0.89611549 18.61217022 21.55884581
-4.59386984 18.97527386 23.00774296
38.86862922 -18.36406762 9.20371621
34.97047097 -19.03823093 9.46389158
31.10744864 -19.93547795 9.64511090
27.27641092 -20.77972987 10.15939815
23.39841708 -21.22185283 10.81756491
19.57258994 -21.41045482 11.79443801
15.83915723 -21.20071982 13.01530714
12.25853944 -20.71905684 14.55857830
8.91000173 -19.77991216 16.40867564
5.46501718 -19.10958735 18.26241129
1.96927043 -18.96967804 20.10497790
-1.75136111 -19.02846523 21.46594440
-5.57115322 -19.17646907 22.45888309
-33.79798709 3.26010457 -1.58757059
-34.32648038 4.78330560 0.78387759
-34.60889968 6.68523161 2.84307654
-34.60874364 8.40519793 5.15699203
-34.61504984 10.02540154 7.54338755
-34.64156880 11.59279507 9.96530456
-34.74442703 13.10688798 12.43101187
-34.52668426 14.68009920 14.84900383
-33.83023050 16.25396077 17.16088083
-32.76119554 17.75981013 19.36208567
-31.27592125 19.15987924 21.39516022
-29.28037626 20.42713252 23.05051916
-26.88147377 21.41019150 24.36413221
-33.96173403 -2.93162319 -1.58736728
-34.65115637 -4.46692818 0.52354380
-35.02101841 -6.17561203 2.58866125
-35.19035858 -7.96844132 4.64392822
-35.36901593 -9.55767940 6.86451571
-35.54922671 -11.16233994 9.06413798
-35.49383374 -12.66525574 11.33222284
-35.15397310 -14.15600017 13.56954775
-34.55607363 -15.63468402 15.77494469
-33.67612333 -17.10164860 17.89621053
-32.43012101 -18.44973307 19.90995025
-30.87854454 -19.63470279 21.80321111
-28.82214225 -20.76246442 23.22821277
-15.94569756 18.37646486 6.67271550
-17.91330227 18.02799706 8.39593033
-20.36528401 17.64331190 9.23661277
-22.85972860 16.88627290 9.50360307
-25.10443124 15.82769341 8.73706584
-26.95238029 14.55155635 7.38174682
-28.44549190 13.12205519 5.73810658
-29.40118096 11.44385975 3.86398540
-29.84031375 9.85776309 1.73945833
-29.72248976 8.50401760 -0.44914991
-28.64327408 7.67368308 -2.44266052
-26.88469555 7.67794340 -3.92336300
-24.61614637 8.21234456 -4.95882787
-22.17465543 9.15834997 -5.56275975
-19.76735454 10.34262404 -5.95626235
-17.44961033 11.73260322 -6.15870345
-15.24391239 13.28568421 -6.11521622
-13.08888690 14.87481073 -5.85914986
-11.24445319 16.44763691 -5.01884698
-10.25475876 18.01746366 -3.58989860
-10.19504179 19.21430005 -1.66602784
-10.78694712 19.71432259 0.47394843
-12.23442187 19.43188777 2.72730782
-16.41004926 -18.57089999 6.14610856
-18.34161110 -18.27356401 7.87899255
-20.66764000 -17.78333599 8.97321525
-23.15086358 -17.09362887 9.48572955
-25.49660983 -16.07820859 8.92000481
-27.38446629 -14.72968413 7.66767206
-28.83191143 -13.18068859 6.06623214
-29.84159450 -11.57086295 4.18892836
-30.45023589 -10.02887759 2.08194782
-30.62760337 -8.58758429 -0.13131003
-29.84136822 -7.55624771 -2.16799214
-28.23069108 -7.26565853 -3.84800763
-25.97131965 -7.76837576 -4.98524578
-23.53616789 -8.71431292 -5.59350033
-21.18434704 -9.95535813 -5.89042987
-18.91627317 -11.34637339 -5.94500235
-16.63585010 -12.75371423 -5.93183865
-14.43608744 -14.21175203 -5.82275350
-12.44988912 -15.87584601 -5.34818287
-11.06640094 -17.64777829 -4.13690797
-10.65708075 -19.05315816 -2.32574648
-11.38100968 -19.73858061 -0.07628808
-12.85457635 -19.54555874 2.05476122
'#20
29.55006853 -13.40556544 9.43076517
29.49810155 13.09186467 10.24644914
7.82090043 -13.74485618 1.15679824
8.11908671 13.59425825 1.51314466
32.09921607 -9.52027344 -0.60339712
31.92595792 9.72226266 -0.25670973
34.53841114 -10.43655494 3.73373059
34.37693688 10.50022819 4.50590060
29.32408368 -10.65659789 7.17255744
28.83939703 10.70338769 7.55743223
24.78342596 -4.73560513 3.28863070
24.63988051 4.51494831 3.45381631
22.14373235 -0.21167663 4.66334189
26.34415363 -0.15784800 2.22713795
6.56042132 0.02825969 -7.26923022
9.44640982 -4.31047469 -9.03589383
9.40407806 4.58886201 -8.88614160
7.67281017 -3.35413937 -9.17174728
7.62628157 3.36238945 -9.08313896
18.65095622 -7.82713224 -3.89615346
18.85347631 8.34966627 -3.95033699
1.90783259 -7.32256300 -8.56738334
1.91684731 7.52404446 -8.55051016
-2.96122693 -7.61325558 -10.39415847
-3.16981518 7.70677189 -10.44903734
19.36803180 -9.74566614 1.50450713
19.35839685 9.61390467 2.12794390
-4.40239962 -0.20433065 10.26188373
-4.64381100 0.24945668 10.13748898
-12.73844308 -0.13750994 4.64991369
-12.73948848 -0.18509718 4.61085793
-6.60926408 -0.27424759 8.19802208
-6.61035494 0.30443375 8.25596510
-4.52433013 -8.53809863 -1.90409175
-4.62566220 8.52130058 -1.88647294
-3.83976070 -7.75086224 1.65518419
-3.76920505 7.75546926 1.34314401
-11.01458530 -2.59094951 3.76026667
-10.84881751 2.77059296 3.66656593
-15.40071886 -4.52009563 -4.93887959
-15.09418573 4.27899394 -4.45831922
-12.19483249 -8.38976057 -12.56714434
-12.66294307 8.27876908 -12.24298023
3.14589624 -12.92838552 -0.78513618
3.10164168 13.04656010 -1.26315111
-3.01199896 -11.42387740 -5.70075237
-3.12267092 11.34811366 -5.23791415
-0.91873464 -10.87907792 0.56732167
-0.69576776 11.28495038 0.47405699
1.88821895 -11.68220169 -5.95976590
1.53111024 11.73706737 -6.08832641
6.50396575 -10.40493965 0.49310616
7.11934194 10.46654539 0.30355024
-4.53359436 -1.06430846 9.58470593
-4.68356722 -1.87295022 8.85522753
-4.68237120 -2.64699065 8.05214292
-4.52223250 -3.45566203 7.27653653
-4.16677812 -4.23151305 6.52106675
-3.67130869 -4.97876333 5.81035688
-3.09666949 -5.71144520 5.14282128
-2.46476100 -6.41906542 4.49922882
-1.77999106 -7.10807904 3.88492075
-1.04693246 -7.77992329 3.30622081
-0.25632562 -8.41586365 2.76170485
0.60733569 -8.99026777 2.25637405
1.55302869 -9.48771744 1.81941242
2.57678412 -9.87768897 1.45163793
3.65462977 -10.16852449 1.14744552
4.76133533 -10.39285437 0.89387275
5.88875270 -10.54931597 0.68738026
7.03161751 -10.63821471 0.54095075
8.18327055 -10.70983577 0.47178908
9.33366255 -10.78188719 0.40882215
10.48341366 -10.82663438 0.36078490
11.63897263 -10.84441227 0.40633420
12.79448584 -10.80270513 0.47543122
13.94620358 -10.72169601 0.56658966
15.09014773 -10.60512115 0.67426446
16.20697843 -10.44799730 0.90215223
17.30540742 -10.25311377 1.06283383
18.35733449 -10.01619160 1.27577367
-4.58584705 1.14741265 9.45186908
-4.69591014 1.93853421 8.70411532
-4.69319973 2.69498059 7.89783091
-4.51159902 3.47631105 7.10935894
-4.16715271 4.25649170 6.34650974
-3.71747225 5.02830684 5.62134904
-3.19484219 5.78926095 4.93363276
-2.60333454 6.53302717 4.28344592
-1.94063651 7.25160416 3.67416924
-1.20226006 7.92298051 3.09939473
-0.36378333 8.52182110 2.58082387
0.56566837 9.04311385 2.12839620
1.54636838 9.48873261 1.71119299
2.57957663 9.85351697 1.35106956
3.65888952 10.11778852 1.03868858
4.76823704 10.32498082 0.78696450
5.89793300 10.49518308 0.59647098
7.04343395 10.61788944 0.46827803
8.19755243 10.70923160 0.40348865
9.35542330 10.76604000 0.38097324
10.51379789 10.78723215 0.40309361
11.67114351 10.78712211 0.47856894
12.82508328 10.76747759 0.59397579
13.97486312 10.70410873 0.73226967
15.11486770 10.63157455 0.92326034
16.24315037 10.49641065 1.13293562
17.34063981 10.33946365 1.37114498
18.37673343 10.00858748 1.72670820
21.25878845 -0.20285117 3.52877922
20.37258021 -0.20558829 2.43886860
19.38725418 -0.17911914 1.42515977
18.39600457 -0.16010164 0.41381933
17.36681670 -0.14111692 -0.56408201
16.30145581 -0.12669275 -1.50474852
15.18609902 -0.11585535 -2.38687211
14.01507250 -0.10405473 -3.19423339
12.80337970 -0.08741175 -3.93760419
11.58133764 -0.06609611 -4.65787171
10.35441841 -0.04504065 -5.36373130
9.11649662 -0.03489602 -6.03685954
7.84547954 -0.01830905 -6.64236058
-4.77490679 -0.16757404 9.62757965
-5.26391868 -0.16564929 9.08169202
-5.86873864 -0.18290923 8.65313994
-6.50422906 -0.14528033 8.27203959
-7.15765533 -0.12818154 7.96153330
-7.84916019 -0.17956174 7.83868802
-8.55461071 -0.21945855 7.64766582
-9.22342703 -0.23295945 7.35247774
-9.85678526 -0.23764801 6.99545608
-10.44833692 -0.22128942 6.55585803
-11.00450269 -0.18768831 6.06371538
-11.56176003 -0.18829192 5.62834415
-12.14935888 -0.22179989 5.22538082
-4.76841019 0.13960376 9.49776443
-5.29275613 0.09914690 9.01699591
-5.92818834 0.11350834 8.65709967
-6.59296713 0.13343060 8.33383843
-7.28196464 0.14342369 8.06472414
-7.94923975 0.10817375 7.75296098
-8.61135580 0.10578930 7.47286104
-9.29019036 0.09221354 7.32840892
-9.92500585 0.06554646 6.96695886
-10.48460627 0.05398918 6.49297374
-11.02876791 0.01423912 5.99804995
-11.57787171 -0.02515406 5.51507335
-12.15380846 -0.05186077 5.06458321
17.15383916 -8.51558249 -3.74759173
15.59734092 -9.11659983 -3.72810809
13.96800353 -9.45385055 -3.84809952
12.30197012 -9.54850497 -4.08134273
10.65898265 -9.43318550 -4.43765141
9.06295429 -9.19831945 -4.91107777
7.53652175 -8.82186534 -5.50737933
6.07405934 -8.34843665 -6.20246825
4.65334556 -7.90870211 -7.00527408
3.23879575 -7.55220134 -7.85400231
1.74740221 -7.33187032 -8.60111367
0.17853336 -7.26037829 -9.20655632
-1.39986497 -7.36538424 -9.77318489
17.31874866 8.86985069 -3.59716298
15.68010233 9.29275289 -3.50021116
13.99127489 9.52080896 -3.62920204
12.29463767 9.60498807 -3.85012281
10.62876334 9.52707504 -4.23838190
9.01741752 9.31950843 -4.77812273
7.48020703 8.98758653 -5.45694193
5.98617775 8.56051682 -6.17196885
4.54970669 8.08073073 -6.97189001
3.12747234 7.73858550 -7.85260210
1.63906929 7.53264141 -8.66540550
0.05085212 7.46411822 -9.28146059
-1.55004790 7.56968116 -9.84158997
-13.29659402 -0.99206623 3.54033019
-13.72643790 -1.58814202 2.27211708
-14.07210410 -2.19644500 0.97840941
-14.39916742 -2.79494173 -0.32154204
-14.71615024 -3.40464912 -1.62979053
-15.04983754 -3.95018517 -2.97415991
-15.35152023 -4.44586929 -4.33977479
-15.47402168 -4.98381384 -5.70590020
-15.43724018 -5.53734383 -7.07212566
-15.26860614 -6.07372105 -8.43841002
-14.86631618 -6.63710196 -9.74107576
-14.31299035 -7.22812699 -10.97732474
-13.40620486 -7.83082973 -11.94768840
-13.18632119 0.74392542 3.51681687
-13.54067807 1.40723349 2.32790258
-13.85416345 2.03654362 1.09552322
-14.17888089 2.61851470 -0.15366317
-14.50606406 3.13550288 -1.42663390
-14.80176891 3.68641043 -2.69822596
-15.06452135 4.25281205 -3.97336620
-15.24170940 4.80030741 -5.27480330
-15.34471640 5.38037958 -6.56579119
-15.18414230 5.93983656 -7.86132481
-14.81083993 6.45566388 -9.13208184
-14.34048492 7.02509163 -10.35222664
-13.63761185 7.65896223 -11.40214313
-5.25937849 -8.36370388 -3.08428181
-6.10629984 -8.18177018 -4.19005884
-7.24059330 -7.96687289 -4.95603880
-8.41768778 -7.66670622 -5.53163606
-9.66065990 -7.31531355 -5.77120678
-10.82797656 -6.85137120 -5.56861915
-11.72771773 -6.25428509 -4.92528040
-12.23971952 -5.61223683 -3.93828353
-12.45331977 -5.03995535 -2.73389467
-12.47442739 -4.41866575 -1.49059403
-12.36352431 -3.78874789 -0.24541432
-12.18510435 -3.25126296 1.04127383
-11.77330702 -2.85974100 2.27337026
-11.00472555 -2.79174405 3.21122638
-9.97004774 -2.99795130 3.84476372
-8.74688907 -3.56292824 4.03840625
-7.52792257 -4.19173923 4.00965883
-6.43702805 -4.95209024 3.69137866
-5.51725286 -5.85013944 3.17773461
-4.72515500 -6.71701944 2.44904036
-4.14299139 -7.40776758 1.48916905
-3.82140102 -7.92884006 0.42009002
-4.01044865 -8.33114279 -0.69891542
-5.32249740 8.41019272 -3.07997131
-6.17014158 8.26202520 -4.16992685
-7.23688798 8.10199221 -5.02102532
-8.40570558 7.90180617 -5.68439989
-9.64172427 7.60552913 -5.91512804
-10.77800985 7.12672108 -5.70035268
-11.67228356 6.46816571 -5.10625164
-12.22643000 5.75090787 -4.18164548
-12.35038542 5.07763758 -3.04795430
-12.25975993 4.46608581 -1.81512127
-12.16897340 3.90022048 -0.56779781
-12.02748817 3.40690624 0.71406573
-11.64901643 3.07393714 1.97822987
-10.99704900 2.97114961 3.05275437
-10.11351772 3.10814115 3.73777981
-8.93545828 3.56276962 3.95834717
-7.75061932 4.21554574 3.83713359
-6.60119005 4.91258373 3.54771554
-5.64372662 5.74308392 3.02378859
-4.87086573 6.63536758 2.32571834
-4.29554884 7.40977766 1.42354530
-3.92541805 8.02166707 0.41659888
-4.08976315 8.35934529 -0.66572419
'#21
25.982404669 -11.550706419 6.380061021
26.928242933 10.646887612 3.844555824
7.927468008 -13.152652523 3.437813654
8.937864619 13.072512638 0.916131895
26.370157850 -10.450246547 -2.567877032
27.119793699 7.739813578 -4.115009176
28.934701373 -10.994173148 0.130309677
29.894893437 8.834770637 -1.270467534
23.156985423 -9.757534535 4.101503155
24.182345694 8.449166719 2.234443884
19.953825269 -4.449485975 1.530326762
20.453584244 3.481651344 0.784070703
18.314743090 -0.353677974 2.675890112
21.427463527 -1.031981608 -0.559428283
5.551538312 -1.324104425 -7.151673841
7.802030384 -5.137348758 -8.334500467
7.916543031 2.448139861 -8.576841949
6.447168082 -3.937239828 -8.359686988
6.385151100 1.266202313 -8.515204086
16.096605153 -8.415614494 -3.217350320
16.561864064 5.931997158 -5.148858719
1.523624145 -8.312548348 -6.463896048
1.724783873 6.967267885 -7.853731452
-2.510897054 -8.266800735 -7.861839533
-2.020903631 6.947378245 -9.122618568
16.368292374 -8.988577884 1.986967360
16.968953602 8.044831959 0.431058931
-2.298119890 0.878152034 8.162758205
-2.347920482 1.247706036 7.981911098
-12.650026208 0.591216616 3.096583784
-12.626683282 0.750490792 3.014849808
-3.953822305 0.949478157 6.645944799
-3.891399734 1.115554654 6.521798525
-3.814775824 -8.146538565 -0.573447681
-3.058482946 8.268325556 -2.108856577
-2.836296102 -6.269162354 3.075983874
-2.246295549 7.767782845 1.322021988
-11.290946145 -1.565880277 3.140471919
-11.146929622 2.692205913 2.514021577
-15.183139162 -3.951796862 -2.977188978
-14.725352044 3.446210172 -3.296165353
-12.426491357 -9.253225257 -9.519260645
-12.122622640 7.126008622 -11.200338318
2.466951294 -12.329864776 0.876058410
3.265693460 12.738353730 -1.675678598
-3.212332926 -11.136225198 -3.488014302
-2.126022083 10.973905275 -4.991250423
-1.846721875 -10.028002310 1.739358610
-0.766987332 10.618353801 0.026626806
0.786396067 -11.979741891 -3.792339704
1.511249513 11.114533477 -5.995030682
7.237513500 -9.792641313 2.161301734
8.133608736 9.452914917 0.333379705
-2.473370716 -0.004369127 7.887593569
-2.646810168 -0.864793606 7.565975264
-2.723047270 -1.663808803 7.092379174
-2.591440980 -2.496186090 6.683411970
-2.388307372 -3.317982715 6.260217464
-2.090881018 -4.090935310 5.802636561
-1.732280605 -4.828359669 5.342836818
-1.291236167 -5.520781416 4.882652702
-0.791641425 -6.180385543 4.433748475
-0.229974530 -6.805437973 4.011646629
0.401827201 -7.390524499 3.635224948
1.126498050 -7.897904739 3.319553776
1.916989204 -8.273985779 3.000009386
2.727208117 -8.566003384 2.660758186
3.545544788 -8.849812806 2.323911575
4.409520156 -9.111487677 2.081797835
5.307743818 -9.323486197 1.917640992
6.227404600 -9.484460386 1.823157916
7.159514721 -9.571523570 1.803968663
8.091035388 -9.660611426 1.827648852
9.018257513 -9.729610625 1.933876478
9.952137337 -9.764235764 2.061489676
10.893812386 -9.766238678 2.139537816
11.818870211 -9.682371504 2.241724733
12.747758601 -9.614588369 2.212304767
13.684985257 -9.526582399 2.218498310
14.594039786 -9.358205703 2.259508941
15.489214216 -9.188089987 2.124258539
-2.339978687 2.080047738 7.610070465
-2.379688255 2.873159159 7.139257564
-2.405882111 3.549453865 6.522890638
-2.235663106 4.267340458 5.967381958
-1.952907105 4.961970066 5.429760130
-1.559167457 5.615093017 4.908067978
-1.082347685 6.226935955 4.400582700
-0.584384719 6.807778885 3.878471066
-0.058327647 7.342091744 3.338646212
0.513261141 7.802510550 2.782976964
1.143997737 8.159505651 2.212639833
1.882872855 8.468550041 1.755929794
2.663932578 8.765181639 1.384331793
3.478434887 9.036058598 1.062915614
4.335274257 9.258332694 0.801690220
5.225793585 9.409022838 0.597289780
6.129915467 9.498527912 0.412463794
7.041644021 9.531583712 0.253925710
7.958173286 9.502369146 0.155400599
8.876745445 9.442076454 0.109869132
9.799003934 9.371968868 0.160830974
10.712006962 9.301400132 0.298330468
11.626017057 9.219716913 0.431733535
12.540473205 9.134509228 0.542931524
13.452331268 9.043553667 0.627738246
14.363043689 8.911892732 0.662661279
15.261490933 8.748105244 0.648822019
16.119039592 8.415644443 0.519761033
17.571065126 -0.457196172 1.778572137
16.806585941 -0.545738249 0.920792456
15.954870758 -0.612962513 0.144555035
15.130028588 -0.699222298 -0.656990115
14.273230970 -0.799299524 -1.425763346
13.375842451 -0.896516373 -2.152179891
12.455931447 -0.985384383 -2.852327901
11.522992297 -1.069136621 -3.536048065
10.577900763 -1.147481122 -4.203681587
9.622133722 -1.218612550 -4.856639272
8.652241209 -1.277650458 -5.488781070
7.690633679 -1.330531633 -6.133675644
6.667353981 -1.348761073 -6.665145252
-2.827086087 0.976910968 7.538636238
-3.471966165 1.026783967 7.017020704
-4.207948018 1.011791798 6.594696132
-4.971162788 1.007143775 6.269715908
-5.777279728 1.001214116 6.056792058
-6.597234574 0.961084390 5.844783679
-7.424711044 0.916505009 5.642527490
-8.255566732 0.897485165 5.463775030
-9.066506884 0.914187034 5.224272856
-9.861647945 0.857913656 4.937933537
-10.587770954 0.817364332 4.515971470
-11.205355694 0.738125693 3.985933021
-11.923323597 0.674539605 3.533529749
-2.906307773 1.122671383 7.370906971
-3.527655080 1.077075135 6.822753471
-4.244357054 1.045053754 6.416580508
-5.003062382 1.075896383 6.143144145
-5.777876442 0.994966448 5.899574128
-6.599474621 0.980797666 5.732054931
-7.420023972 0.963979338 5.556784859
-8.243543538 0.952539699 5.410946025
-9.048103735 0.970181935 5.210338693
-9.800335871 0.870572680 4.848809431
-10.522944889 0.828135425 4.434022925
-11.178919796 0.768441222 3.929300931
-11.883358508 0.734420578 3.478404608
14.761584681 -8.826770375 -2.799493684
13.414582498 -9.171228656 -2.451809993
12.018096751 -9.367211625 -2.459154157
10.611656298 -9.452406288 -2.565579703
9.248011100 -9.325656954 -2.880088935
7.902703660 -9.118991539 -3.283242373
6.584334725 -8.889360806 -3.770382612
5.298617601 -8.713401707 -4.357123761
4.044900766 -8.593035412 -5.036867665
2.809749235 -8.500007673 -5.775080559
1.533337969 -8.417974529 -6.440101390
0.185085670 -8.344694566 -6.906910460
-1.179197369 -8.324555413 -7.362578052
15.563525017 6.824716435 -4.602161121
14.508947753 7.653725639 -4.082567419
13.216552722 8.037416177 -3.894897787
11.794847375 8.160658213 -4.162113530
10.367620873 8.157150552 -4.486897876
8.944515962 8.051449793 -4.848001457
7.550431739 7.828683609 -5.238972092
6.199184452 7.576951407 -5.723681761
4.870646090 7.378978896 -6.313312945
3.544126853 7.228779957 -6.962133472
2.196391540 7.141424911 -7.598224912
0.856539154 7.114664369 -8.208377914
-0.538856661 7.048125250 -8.699147737
-13.397245128 -0.034617507 2.296389055
-13.993952949 -0.731942165 1.480493192
-14.385875499 -1.463953242 0.561282280
-14.689902773 -2.153016796 -0.429587616
-14.898760519 -2.826424815 -1.450160738
-15.067168694 -3.523103533 -2.458105927
-15.181649640 -4.264737456 -3.446361548
-15.155427646 -5.001351150 -4.452544648
-15.055118622 -5.719870252 -5.462218393
-14.893566736 -6.462553817 -6.430796824
-14.541741382 -7.213586462 -7.319597766
-13.970435178 -7.910368371 -8.160095307
-13.309047268 -8.601884914 -8.931281742
-13.130464133 1.175726693 2.082493659
-13.532120532 1.624354126 1.084639875
-13.841977055 2.052854083 0.029167754
-14.160651502 2.461143092 -1.033675439
-14.494384505 2.874935649 -2.084953550
-14.672538638 3.342146844 -3.148983370
-14.714512612 3.870542152 -4.194684457
-14.519281321 4.359919443 -5.238597685
-14.296658772 4.838381527 -6.275987496
-14.071709813 5.314720574 -7.309560946
-13.788638685 5.784249813 -8.335857752
-13.413853668 6.223667260 -9.354127251
-12.836395599 6.660267528 -10.274526692
-4.635545873 -8.072859559 -1.693635514
-5.520223432 -7.991943229 -2.661457818
-6.638093540 -7.832159715 -3.333053350
-7.845923112 -7.542502564 -3.688355479
-9.033840671 -7.051991913 -3.511017268
-10.095215558 -6.433074963 -3.097382867
-10.831141261 -5.658500684 -2.364707187
-11.292505811 -4.773157819 -1.511063812
-11.581791508 -3.913787344 -0.567867328
-11.805395526 -3.189943492 0.507712745
-11.860389295 -2.560526752 1.649168573
-11.557689153 -1.897775321 2.702862685
-10.674941514 -1.621091126 3.593006910
-9.507447485 -1.775239900 4.116017083
-8.256826860 -2.082562631 4.336062691
-7.031187167 -2.565107658 4.380561569
-5.859066143 -3.162427523 4.395265924
-4.799799232 -3.917544582 4.215861032
-3.829117765 -4.746171804 3.907238135
-3.116872504 -5.723131893 3.435458564
-2.794640021 -6.699050842 2.693393791
-2.769482196 -7.482576287 1.702410813
-3.240527298 -7.858942254 0.552293193
-3.774643018 7.932196927 -3.111986432
-4.620633961 7.609739374 -4.055903993
-5.690424680 7.310740830 -4.732023021
-6.935243387 7.053414152 -5.024625844
-8.208234037 6.755806637 -4.908520867
-9.320783949 6.292953214 -4.398643452
-10.191481353 5.711798326 -3.607248263
-10.819582707 5.059514444 -2.661364295
-11.251218443 4.413419325 -1.601770110
-11.527165831 3.821311676 -0.461970747
-11.619072791 3.298531785 0.720871591
-11.488161942 2.869405652 1.879092401
-10.655212040 2.851161419 2.715794785
-9.520299935 3.110020844 3.235507468
-8.300843486 3.518068840 3.506188501
-7.062398499 3.954183206 3.599693115
-5.852255987 4.464952662 3.544492413
-4.744319166 5.129089592 3.315838190
-3.789739976 5.920066977 2.881251879
-2.998640670 6.789217500 2.316554239
-2.480745031 7.565851626 1.475862510
-2.206789528 8.060923694 0.374430930
-2.534339863 8.231826851 -0.841037958
'#22
-21.843294740 -13.022792027 -5.007181626
-23.345877431 11.507396023 -5.754456864
-7.853572854 -12.545169740 -2.547277953
-8.950645773 12.302938546 -3.164755760
-24.424699338 -9.836412755 2.756603581
-24.736315676 8.947296377 2.103329837
-26.014623571 -10.941402953 0.290495093
-26.834866984 9.687958316 -0.735521481
-22.195008792 -10.016206234 -3.720799152
-22.740490410 8.664510908 -4.371962719
-18.607263542 -4.048768543 -1.258301703
-18.690656442 2.935874454 -1.597714316
-17.088929257 -0.699158770 -2.411472180
-19.742877936 -0.508578161 -0.479350941
-5.417210434 0.280758550 5.417416009
-7.569972690 -3.597446534 6.703051182
-7.894213178 3.975932579 6.483983758
-6.152113723 -1.958583125 6.662251724
-6.302441148 2.433344528 6.535752507
-14.556262858 -6.741573443 3.568281505
-14.936925461 6.099408028 3.167053127
-0.728425053 -7.075914131 6.355009719
-0.796275029 7.259713294 6.606202906
3.399216271 -7.512622107 7.845374340
3.058581831 7.625901149 7.827771666
-14.452141562 -7.685075632 -0.375388067
-15.104095353 7.389644517 -1.205073603
2.417439109 -0.157410899 -7.458006574
2.431413077 0.009444196 -7.461622821
11.559465492 0.195262059 -2.398022925
11.567902066 0.344085384 -2.311930624
2.929805055 -0.136846395 -6.060830512
2.941110375 0.073322355 -6.085689395
2.561111025 -7.885108925 0.124565511
1.876498123 7.887204379 -0.132014748
2.008717928 -6.512561404 -2.490891705
1.530042119 6.540291908 -2.392205940
9.822471409 -1.446579436 -2.642741158
9.730981980 1.851143229 -2.604581114
13.642485910 -3.590755936 4.437712534
13.268724494 3.700677127 3.982965864
11.417377041 -7.787172242 9.786490103
11.015160854 7.831838560 9.802640883
-2.011197733 -11.325703093 0.093897807
-2.680553046 11.252346259 0.007974890
2.980987493 -10.139439817 3.487431770
2.206960274 10.363944820 3.483654890
1.213111134 -9.269004458 -0.931105694
0.538439151 9.398615782 -1.100331569
-0.887566345 -10.664466611 4.225651576
-1.750075026 10.712958132 3.774324857
-5.767474973 -8.631228393 -0.331245163
-6.543891278 8.460412005 -0.588538848
2.440683152 -0.957434595 -7.328610040
2.456217802 -1.748922127 -7.077308487
2.355088869 -2.493373509 -6.718462363
2.190882265 -3.203248769 -6.316172113
1.969152883 -3.864770997 -5.864551557
1.644997949 -4.469727794 -5.390515530
1.271686963 -5.037040647 -4.903414488
0.872617138 -5.577097390 -4.411034939
0.440545747 -6.089352877 -3.914253550
-0.002701010 -6.588475774 -3.416761175
-0.514254212 -7.021785806 -2.917288483
-1.084970056 -7.402676953 -2.439253576
-1.724281873 -7.716637861 -2.001151629
-2.416771712 -7.974422516 -1.608947977
-3.149186257 -8.197090035 -1.271252257
-3.913535031 -8.378859909 -0.985453071
-4.695475031 -8.513174727 -0.723528860
-5.485153331 -8.619491147 -0.477803598
-6.289985131 -8.702148831 -0.274089093
-7.114565365 -8.780351951 -0.155432613
-7.949425512 -8.837548692 -0.115862845
-8.786613083 -8.834548926 -0.111710482
-9.620572666 -8.799096029 -0.108427322
-10.451363787 -8.738149136 -0.105817167
-11.277081740 -8.622081620 -0.124968899
-12.104069053 -8.504367385 -0.135746760
-12.901818833 -8.267489876 -0.190096661
-13.681306813 -7.976940507 -0.283575228
2.391284459 0.868756514 -7.285629472
2.360849995 1.679949786 -7.068466232
2.198385082 2.411958853 -6.697517081
1.939353791 3.106461448 -6.289890371
1.622441305 3.758609112 -5.851376323
1.267668227 4.396367644 -5.421748579
0.910171421 5.024417171 -4.982359017
0.521000874 5.612821996 -4.519853886
0.068321099 6.139242580 -4.044083294
-0.444071071 6.594483137 -3.561130103
-0.998589488 7.004296790 -3.076126701
-1.594799084 7.368681729 -2.598052291
-2.237326916 7.681134266 -2.142935819
-2.932438860 7.920470870 -1.721937121
-3.672936528 8.095001555 -1.348853552
-4.452147799 8.232328663 -1.045336202
-5.261033464 8.356328049 -0.831482166
-6.086352830 8.454642028 -0.677867098
-6.923830078 8.521106794 -0.584852622
-7.768209621 8.575591715 -0.574257323
-8.609315394 8.616660725 -0.636104863
-9.454636381 8.599850447 -0.679855555
-10.299835485 8.538271378 -0.701771471
-11.140774035 8.448058857 -0.753478061
-11.979139284 8.342526733 -0.800068394
-12.810290725 8.213961251 -0.865237630
-13.630774120 8.075331336 -0.888265937
-14.389646679 7.742111837 -1.043529640
-16.512806494 -0.628970604 -1.566418906
-15.899837459 -0.552846703 -0.749738128
-15.167523031 -0.476788839 -0.038008646
-14.421234127 -0.399773829 0.660282163
-13.622811068 -0.324391760 1.294948002
-12.790189200 -0.243412209 1.878511740
-11.919045061 -0.174349882 2.400569262
-11.022213792 -0.106950823 2.881425185
-10.111909460 -0.044503424 3.347744774
-9.201316725 0.014296589 3.822909893
-8.280514737 0.076892964 4.274634607
-7.353735681 0.140121581 4.701713537
-6.403617473 0.213129249 5.064583219
2.530578858 -0.123110572 -6.718442809
2.941775965 -0.120101969 -6.135308048
3.634764501 -0.003719752 -5.824437616
4.408769233 0.054929599 -5.647903769
5.198141090 0.063104884 -5.513028269
5.967279654 0.083321703 -5.300992290
6.717200619 0.102504959 -5.028546324
7.475537337 0.121194065 -4.783070834
8.239566205 0.111779541 -4.567644887
8.972881190 0.105119182 -4.254444834
9.683274821 0.125638606 -3.885979405
10.364110581 0.162037931 -3.468375886
10.973816477 0.182006318 -2.951069648
2.573987779 -0.020777760 -6.735862059
2.998553877 -0.021236535 -6.155947502
3.688512869 0.061679161 -5.785303807
4.462806238 0.107120827 -5.590938796
5.257094045 0.111271702 -5.473495055
6.029914741 0.114281949 -5.267468183
6.779495077 0.117912588 -4.988037850
7.554731917 0.126696367 -4.781008583
8.305234556 0.122371800 -4.527189653
9.045828018 0.122209538 -4.216232535
9.758129258 0.139732244 -3.850472086
10.436009081 0.169005034 -3.421231121
11.047385906 0.234348680 -2.912672960
-13.369871655 -7.242427346 3.304811270
-12.113926966 -7.729744810 3.210405363
-10.786258380 -8.032538569 3.356655296
-9.429510207 -8.181127182 3.487799307
-8.066688417 -8.198701589 3.647954696
-6.722659147 -8.109026591 3.916670977
-5.415780415 -7.912999058 4.297599086
-4.135093607 -7.694534040 4.748416135
-2.892329861 -7.488983429 5.293013932
-1.684900722 -7.244455834 5.902561554
-0.464768384 -7.061412653 6.505255553
0.823750077 -7.000699386 6.963492689
2.110616187 -7.202669943 7.375855868
-13.763110557 6.719275375 2.922165979
-12.520118422 7.291896196 2.775061483
-11.205442349 7.662622076 2.955869028
-9.860388367 7.920858275 3.158071089
-8.489273300 7.941176254 3.360159819
-7.141255687 7.897387434 3.689408569
-5.839540256 7.801486060 4.169358397
-4.563993125 7.649652203 4.697204456
-3.331583020 7.534095452 5.324773804
-2.122678219 7.447748148 6.002520460
-0.865275708 7.389698363 6.591260136
0.436901578 7.346728912 7.072894514
1.746022891 7.482892745 7.450921414
12.127308586 -0.127393299 -1.494298829
12.616999562 -0.494581553 -0.588801341
13.007923623 -0.960717384 0.341165781
13.254781084 -1.524232714 1.253375605
13.371451843 -2.141211476 2.163579512
13.471544469 -2.729455823 3.099744249
13.629396429 -3.302487979 4.033459856
13.628144080 -3.919099524 4.944410794
13.421525719 -4.532726816 5.847258613
13.142223543 -5.137301088 6.739320164
12.806036199 -5.730522543 7.618462195
12.392304018 -6.332714573 8.452143700
11.910618206 -7.043654918 9.152328351
12.062810225 0.739664373 -1.514773199
12.419347499 1.175516680 -0.616230416
12.722049822 1.606755505 0.314367173
12.929263665 2.097698658 1.245389029
13.086695845 2.618657342 2.174457380
13.203688913 3.123782577 3.121047326
13.216216280 3.711204590 4.026738606
13.127717541 4.306391943 4.923179887
12.958045338 4.842924102 5.844265124
12.649917653 5.406826353 6.709727445
12.285599016 5.957983351 7.558405576
11.918409862 6.502599220 8.395226333
11.464998881 7.162059478 9.115244706
3.159036984 -7.744122007 1.272083651
3.821178060 -7.574110800 2.330334507
4.794477872 -7.343473540 3.087665756
5.892828048 -7.110561214 3.646584296
7.066787457 -6.735159147 3.863879447
8.206828113 -6.256264756 3.682991996
9.124402393 -5.569959539 3.170763727
9.823276590 -4.798013005 2.477031079
10.397805972 -3.987594064 1.703291505
10.686103908 -3.224441647 0.768261969
10.823209263 -2.561461528 -0.293732883
10.633315329 -1.956429008 -1.378656396
10.064897404 -1.573804115 -2.386273130
9.114185000 -1.526617885 -3.178451164
7.976034642 -1.807039607 -3.645087506
6.816349801 -2.225511117 -3.893104520
5.729728090 -2.866173088 -3.902446949
4.690162823 -3.578192090 -3.794274001
3.700954527 -4.331245574 -3.609606702
2.843384133 -5.171925199 -3.324317978
2.256193554 -6.120992436 -2.810257192
1.944437879 -7.107861125 -2.120736366
2.145299463 -7.622642815 -1.021012111
2.483333040 7.822169682 0.997931304
3.110617127 7.782333714 2.106955956
4.013290428 7.630403599 2.978900647
5.087034100 7.443347618 3.620290147
6.303876613 7.237145246 3.899320813
7.483198540 6.839125714 3.844652965
8.516193880 6.239403771 3.481307697
9.297360177 5.484148535 2.830196581
9.841788681 4.682300413 2.019561644
10.230696305 3.947600202 1.079322645
10.505207352 3.280858351 0.046195063
10.517052239 2.643896372 -1.057029456
10.138856630 2.122846027 -2.152905443
9.281595207 1.856834415 -3.024419290
8.177544620 1.919215910 -3.557533434
7.024928034 2.224414589 -3.867900678
5.867289611 2.757243535 -3.889611631
4.787260227 3.427237933 -3.783759410
3.770964819 4.174839785 -3.564699010
2.782036316 4.932198314 -3.324465038
1.983400949 5.783769443 -2.904251491
1.459944448 6.708532603 -2.261865898
1.559050636 7.390437016 -1.235847015
'#23
-27.62171355 13.96452852 7.19542353
-27.53142748 -14.42955991 7.03409019
-9.87761330 14.74611037 3.24683072
-10.58208001 -14.90536235 3.72973233
-29.10187592 9.63459023 -2.92722422
-28.88283486 -9.76963557 -3.10409480
-32.60125782 11.43215823 0.20644622
-32.59502337 -11.36211150 0.37308154
-26.04842721 10.73068954 4.13463989
-25.40304838 -10.96455042 4.31659853
-21.99031788 4.17122836 1.74799299
-21.90267467 -4.28901978 1.60108571
-20.07359693 0.02259217 3.13578680
-23.14628815 0.02587264 0.65168956
-7.93857115 0.09147785 -7.55480290
-10.12996535 3.80091942 -8.22576411
-10.29407835 -3.80775926 -8.11438482
-8.85283694 2.66844712 -8.67733911
-8.71331725 -2.53536944 -8.59665592
-17.23341252 6.86995487 -4.16774142
-16.93753153 -7.34190373 -4.27073927
-1.86003454 7.88121573 -7.69777143
-2.16935078 -7.86557701 -7.50995825
2.39179512 7.89240820 -9.21006054
2.42065882 -7.77653587 -9.25002161
-17.35573524 9.20015938 1.10426362
-17.36357530 -9.38218494 1.28496453
2.99261202 0.29851746 8.70436519
3.07906632 -0.27522889 8.69221696
13.20281908 0.36905443 3.24021161
13.12244284 -0.25305485 3.06013727
5.39707116 0.35450843 6.72199808
5.44224145 -0.28434883 6.69585944
3.39407003 8.84806827 -0.76813446
3.37253820 -8.75714070 -0.56055947
3.57329131 7.27329067 2.59814633
3.55677275 -7.61705575 2.63569096
10.47723070 2.22910071 3.35869534
10.53185863 -2.30256491 3.50058576
15.18865552 4.09218006 -4.80667619
15.25621902 -3.61032454 -4.28340095
12.03813122 7.63158010 -11.67598162
12.21704717 -7.64094517 -11.39355853
-2.92109639 13.07338170 -0.74870501
-2.76757515 -13.01855626 -0.59275038
2.69685878 11.35263778 -4.55927895
2.76710560 -11.27509317 -4.48452077
1.92784835 10.58284527 0.82643109
1.85571038 -10.60128881 0.91433593
-1.97090894 12.07787380 -4.92461778
-1.38822708 -11.81975127 -5.20105582
-5.77299781 10.47383563 0.94024635
-6.07886247 -10.38274046 0.77785736
3.02987307 1.24651030 8.46749418
3.07522409 2.17205155 8.06295949
3.33164381 2.90997554 7.49960724
3.24332571 3.71666153 6.89292457
2.99923411 4.48705387 6.26504144
2.80706544 5.26976610 5.62375625
2.54599408 6.06076458 5.00419846
2.18597319 6.82447680 4.39925668
1.70861970 7.54021397 3.82063381
1.11410068 8.20457915 3.29806212
0.41197543 8.80209968 2.84762881
-0.37805627 9.31752611 2.46155513
-1.25233703 9.73237486 2.11555748
-2.18816371 10.02748572 1.77865811
-3.14024179 10.26473313 1.44622377
-4.12346985 10.45867377 1.18471279
-5.13890260 10.60074963 1.03367801
-6.17105075 10.69174051 0.98695806
-7.20683952 10.74157185 1.01586881
-8.24202160 10.75889925 1.08469451
-9.27680607 10.74068747 1.16784562
-10.31126888 10.69972875 1.26311299
-11.34204210 10.65848351 1.35675426
-12.36722593 10.56594101 1.40592603
-13.38718855 10.39449845 1.40276192
-14.39546115 10.15132058 1.35933518
-15.39188725 9.86262180 1.29431866
-16.37933580 9.54673600 1.21694529
3.16779857 -1.19393363 8.44708662
3.34439362 -2.07319873 7.95896804
3.50639133 -2.92465497 7.44047091
3.48072457 -3.77183443 6.87318980
3.32172971 -4.60533556 6.28936394
3.05775659 -5.42751433 5.71521950
2.63968386 -6.21080664 5.17688508
2.20179006 -6.97215622 4.62288986
1.71821550 -7.70891239 4.07422052
1.16957014 -8.39387159 3.52602753
0.44030604 -8.90744675 3.00809682
-0.38243976 -9.33990004 2.56104561
-1.24683017 -9.72046875 2.14171696
-2.16982080 -10.03085854 1.78583937
-3.14049695 -10.25726199 1.49749516
-4.12699166 -10.43440213 1.25272492
-5.13892287 -10.55881138 1.08897578
-6.17428586 -10.62080245 1.03097240
-7.21355485 -10.64259032 1.02041588
-8.25165027 -10.64060396 1.02256906
-9.28874753 -10.62183342 1.03054844
-10.32622331 -10.59093142 1.03981655
-11.36538859 -10.55057954 1.04890128
-12.40461077 -10.49080620 1.06863524
-13.43856792 -10.38498194 1.10470243
-14.46320820 -10.21956647 1.14346505
-15.47502243 -9.99695767 1.18578513
-16.47233971 -9.72411817 1.23580971
-19.36125783 0.04077536 2.18260692
-18.64254079 0.04738834 1.26900837
-17.91743251 0.05501047 0.36064410
-17.18261456 0.06465692 -0.53947996
-16.42354695 0.07676278 -1.41923501
-15.60941935 0.08425988 -2.24896062
-14.73976584 0.08084508 -3.01781158
-13.83003899 0.06868750 -3.73821969
-12.87973125 0.05441491 -4.40591602
-11.90636162 0.04870637 -5.04077899
-10.93052233 0.05252187 -5.67046840
-9.95069368 0.06305107 -6.29051906
-8.96711496 0.07815229 -6.90112884
3.57600327 0.19250725 8.08289930
4.19574867 0.16890579 7.48743721
4.91056881 0.17813626 7.01075723
5.72607944 0.16566068 6.74178945
6.57803767 0.12882886 6.67525238
7.43337357 0.11230216 6.66448982
8.28889471 0.12707099 6.56196845
9.11415379 0.11954264 6.31021941
9.88007568 0.11886628 5.92073946
10.57120750 0.14938717 5.40761051
11.19304993 0.17992482 4.80875432
11.81705349 0.22210745 4.21707745
12.48735421 0.28709001 3.68028488
3.62700967 -0.16965802 8.02695333
4.24152863 -0.14644222 7.43005583
4.94522024 -0.15102123 6.94131570
5.73693911 -0.15121830 6.61197150
6.58095098 -0.19737271 6.46973690
7.41567343 -0.26639238 6.49203329
8.24854883 -0.30572804 6.44991904
9.04316858 -0.32009140 6.13017958
9.79760356 -0.30124864 5.71879902
10.50647549 -0.24756914 5.23794796
11.17176614 -0.20159768 4.70032330
11.81256615 -0.17980791 4.12848018
12.46732383 -0.19466467 3.57058022
-16.23220237 7.65929800 -3.79408220
-14.95705079 8.43189930 -3.45831563
-13.49857481 8.95384908 -3.56687457
-12.00018186 9.24113444 -3.82994549
-10.45719445 9.30081734 -4.05726478
-8.94776354 9.23252296 -4.44376755
-7.48732342 9.04432942 -4.96110954
-6.08153761 8.74637218 -5.56949703
-4.70710182 8.41921673 -6.21866666
-3.36644654 8.07644182 -6.93027724
-2.00923734 7.84624940 -7.66948165
-0.59258112 7.70015599 -8.31346685
0.88763473 7.64291496 -8.81269211
-15.78530688 -8.10933042 -3.66652005
-14.42458527 -8.72778652 -3.54964343
-13.00302749 -9.16921606 -3.72542140
-11.51452963 -9.33294045 -3.89747975
-10.01816252 -9.30530250 -4.11223709
-8.57181131 -9.16716022 -4.48640080
-7.17396419 -8.97557406 -5.01194977
-5.78905508 -8.75315187 -5.57292620
-4.45837995 -8.44972982 -6.20753874
-3.17494270 -8.12964420 -6.92663001
-1.90559000 -7.95126396 -7.72926612
-0.53609188 -7.84063712 -8.35688772
0.91540559 -7.79664576 -8.79178243
13.76643370 0.77438597 2.16535594
14.30842577 1.20138285 1.11127461
14.68924048 1.71820148 0.02915241
14.92508780 2.29890137 -1.06440651
15.10611364 2.84893765 -2.18596506
15.19630084 3.39695327 -3.31834105
15.18507431 3.93915728 -4.45626475
15.05238900 4.50928206 -5.57156701
14.82216261 5.08174096 -6.67008319
14.46433305 5.65553653 -7.73264927
13.98759990 6.17760954 -8.77721374
13.43952509 6.66903281 -9.79941790
12.80177739 7.15098009 -10.77130354
13.73943817 -0.52008996 2.07028179
14.28597285 -0.98617345 1.06383438
14.61291284 -1.46278003 -0.03034749
14.84043873 -1.95505917 -1.14591845
15.03408786 -2.52961942 -2.23165779
15.17472763 -3.14020113 -3.30633708
15.22442682 -3.72498821 -4.40283108
15.11934039 -4.27661141 -5.51082257
14.86829444 -4.84602937 -6.58445135
14.47253724 -5.43910160 -7.60017593
13.99417515 -6.03138734 -8.58015506
13.47501540 -6.59224411 -9.55950153
12.88014802 -7.12762178 -10.50933243
3.97183874 8.56191389 -1.91199106
4.67549019 8.24132544 -2.97194195
5.66844822 7.90015615 -3.75050919
6.84305309 7.59008875 -4.26165511
8.07885795 7.20556556 -4.46415067
9.26660453 6.72886510 -4.22430505
10.20772410 6.07726370 -3.58804703
10.97435245 5.41228196 -2.75653064
11.53022592 4.74119328 -1.78774685
11.85112660 4.02632634 -0.74032843
11.96361877 3.38266429 0.39723347
11.77847138 2.85024522 1.57503661
11.30052468 2.35295247 2.67217775
10.34217726 2.30989144 3.53396981
9.13378817 2.56622260 3.97661729
7.92274451 3.02607183 4.19446052
6.78444094 3.68381183 4.30157036
5.71632028 4.44291029 4.19447155
4.78280677 5.29833105 3.87860646
4.05375374 6.23770579 3.35422590
3.55388363 7.19008466 2.61846960
3.27842711 8.02157967 1.65354014
3.19457621 8.62512523 0.51903512
3.87216112 -8.55580644 -1.76934705
4.59565032 -8.29824138 -2.83691552
5.57925374 -7.96071155 -3.64379424
6.71301838 -7.63081231 -4.22978659
7.95398186 -7.26875189 -4.43914767
9.12636042 -6.72654956 -4.20863800
10.12649230 -6.06137818 -3.66781087
10.88998407 -5.33112154 -2.87977996
11.41338872 -4.58227517 -1.93120741
11.73602973 -3.88938119 -0.86192961
11.83558536 -3.26880292 0.29110248
11.72520242 -2.73677831 1.48369051
11.28209115 -2.36958100 2.64748439
10.41828387 -2.30342580 3.60252803
9.25235688 -2.58996031 4.11980505
8.07026958 -3.08191404 4.41506776
6.93777888 -3.75562716 4.45745744
5.86207659 -4.51519292 4.38868395
4.97944958 -5.44858669 4.15557962
4.25640398 -6.41556686 3.63616334
3.67152423 -7.36984808 2.93658000
3.37058577 -8.14917964 1.93948599
3.33132727 -8.62719747 0.72225853
'#24
-49.145943162 -27.707097010 -19.234302051
-47.463706937 30.816163506 -17.702902760
-12.941583410 -26.169341475 -6.670132972
-12.143594271 27.264175773 -5.378000550
-55.835792693 -18.959805914 2.545208915
-55.393352699 20.560579723 3.039513424
-59.605492046 -21.123597673 -4.010103814
-58.837927339 23.035161409 -2.844246048
-40.215370464 -12.076628989 -5.371548197
-39.919703339 13.837426034 -4.704631797
-36.581372869 -5.917996513 -4.988223511
-36.398050377 7.316523208 -4.986450410
-32.504000562 0.726682417 -7.835979167
-38.519428689 0.650025809 -3.107301954
-10.902792911 -0.008516782 14.842110670
-15.492426971 -6.599345141 16.210014131
-15.187370273 6.985850843 16.335411082
-13.478206705 -4.975108825 16.968435062
-13.114389043 4.892492228 17.176257208
-32.520897618 -10.812255877 5.575550047
-31.882189767 11.640219027 6.013158614
-2.649353851 -14.706851626 11.220803482
-1.984663050 14.200504898 12.151078214
4.056647171 -15.300466358 15.961758085
4.049039502 14.408833881 16.470188320
-29.013365288 -13.184009808 -4.035609155
-28.895220860 14.381962474 -3.302651142
8.966514159 -0.582423659 -12.409484877
9.084209834 0.727749005 -12.277972164
19.338634131 -0.757769775 -4.899139325
19.158093632 0.615458489 -4.813166715
10.239612317 -0.248167518 -10.446151659
10.306159647 0.593644644 -10.436615060
8.078502357 -15.905767247 1.092684087
8.494804918 15.342301971 1.456541393
6.998082014 -13.354373906 -3.729629204
7.431253954 13.268025905 -2.948784784
17.874850261 -4.873395609 -4.064676802
18.204736173 4.612302387 -3.664001698
23.199112782 -11.491934374 11.678468654
22.953877227 9.676140641 11.813862010
20.086407511 -15.706409768 17.523179107
21.194768636 13.234622402 18.023566218
-3.272359570 -25.701122724 0.143199660
-2.409626177 25.778641066 1.289045518
7.685788097 -22.040371254 8.942988522
8.747560857 21.047641160 9.232507955
4.274318488 -21.035746538 -1.833282939
5.182430721 20.230234190 -1.026222858
-1.444862670 -21.753910765 9.116690333
-0.130401522 21.169018991 10.712610072
-9.664572225 -15.653456918 -3.820057969
-9.503108007 16.302334078 -3.012513331
8.660796435 -1.909039783 -12.021893625
8.234332554 -3.420404004 -11.623202075
7.544226881 -4.812526134 -11.148907385
6.760939697 -6.160484035 -10.662861064
5.766147524 -7.366691833 -10.232168832
4.660518836 -8.487207775 -9.840644955
3.536726519 -9.568762736 -9.380703308
2.434891818 -10.615511768 -8.778681621
1.343045252 -11.616405295 -8.088005540
0.197326816 -12.575303999 -7.438857441
-1.067301286 -13.421291767 -6.868534949
-2.457139185 -14.060407464 -6.319671628
-3.919164314 -14.585147621 -5.848574246
-5.416647228 -15.019544633 -5.398066466
-6.925839257 -15.360742257 -4.901789515
-8.469313373 -15.579903825 -4.422181321
-10.017599764 -15.698553914 -3.923978943
-11.561859958 -15.748875773 -3.396957519
-13.121881733 -15.727609765 -2.910991781
-14.722248065 -15.643394933 -2.598946098
-16.342861560 -15.630815287 -2.489563060
-17.959847944 -15.462401442 -2.498982220
-19.577584628 -15.331471362 -2.616621813
-21.185195199 -15.167133784 -2.838799122
-22.773719543 -14.898237635 -3.059420597
-24.350490203 -14.563387878 -3.285625439
-25.905718541 -14.165855718 -3.572050843
-27.452607357 -13.700165211 -3.767149355
8.755583672 2.074568457 -11.766483467
8.351502479 3.557697566 -11.174852047
7.670146839 4.928274829 -10.563820597
6.874707614 6.261815625 -10.009135124
5.934496215 7.520095340 -9.501360920
4.875881811 8.679747215 -8.997102569
3.765539445 9.779017185 -8.504144807
2.698915406 10.883395020 -7.926786717
1.670931368 11.955624358 -7.237678708
0.517683972 12.934642604 -6.589517474
-0.790747465 13.774604978 -6.030886933
-2.181304887 14.520682999 -5.549603069
-3.611993250 15.159914983 -5.043538266
-5.106580482 15.595583260 -4.510272320
-6.643573707 15.898680499 -4.009565836
-8.196428604 16.126152021 -3.524262686
-9.760264176 16.295840964 -3.036902751
-11.337506902 16.376413372 -2.567885848
-12.937912567 16.389132008 -2.174210953
-14.556301007 16.478795083 -1.870901296
-16.205997565 16.446546739 -1.793169520
-17.854669735 16.351171319 -1.871584774
-19.491335288 16.199421759 -2.040073394
-21.119459153 16.027665601 -2.249209509
-22.741091859 15.846528234 -2.477356602
-24.350008479 15.588359621 -2.698170373
-25.957342435 15.286389769 -2.885527298
-27.496026101 14.848499250 -3.070064049
-31.285618719 0.654467528 -5.901970234
-30.121767090 0.614036677 -4.007107564
-28.814205129 0.538891171 -2.171735305
-27.450416832 0.494268291 -0.374346057
-25.963509687 0.428557131 1.327773142
-24.472670747 0.362592281 3.010427044
-22.963422216 0.309135272 4.666833063
-21.361881952 0.265772288 6.248676140
-19.673680060 0.220565602 7.746136766
-17.987032881 0.166804251 9.234379619
-16.395783476 0.105409153 10.797172340
-14.635892360 0.071294435 12.206454566
-12.795968587 0.016289852 13.493807769
9.229055126 -0.198084925 -11.535763172
9.858304662 -0.078300909 -10.932179865
10.664054436 0.015789579 -10.502708070
11.476867562 0.058022691 -10.056490983
12.307345117 0.072571963 -9.620449132
13.120086190 0.027577911 -9.180240717
13.955965122 -0.055620567 -8.781102598
14.809947050 -0.093006042 -8.412155727
15.644659763 -0.139891010 -7.953367316
16.418285637 -0.203379100 -7.438597727
17.124068211 -0.285190232 -6.830121155
17.851665789 -0.393261817 -6.240282726
18.528971881 -0.519917531 -5.600205267
9.396840690 0.399249966 -11.542574617
10.061104053 0.388418830 -10.941144669
10.840907603 0.452270182 -10.503259799
11.619851092 0.444320084 -9.999406914
12.396039092 0.417604380 -9.489049706
13.210377283 0.353492745 -9.078292531
14.038401147 0.284017018 -8.694853423
14.891743415 0.273389906 -8.338007523
15.731039910 0.258389892 -7.933916019
16.528354526 0.259349132 -7.446589089
17.244842620 0.262744424 -6.862195025
17.922105498 0.252384694 -6.403005397
18.532991524 0.283395883 -5.706783184
-30.518824696 -12.586062270 4.652130248
-28.130884398 -14.155193626 4.277558388
-25.326963612 -15.123618627 4.366287703
-22.408921670 -15.731206137 4.435111282
-19.467717232 -16.143166673 4.594967443
-16.512163486 -16.315368562 4.892101401
-13.568949973 -16.304521912 5.342761185
-10.748445653 -16.123463489 6.263679671
-8.136557934 -15.758947094 7.633273611
-5.654184374 -15.284277416 9.217154309
-3.190917678 -14.818627858 10.811614228
-0.887043726 -14.724951586 12.658198688
1.491079665 -14.971256419 14.390109289
-29.775432365 13.456489442 5.244313448
-27.505751723 14.978551608 4.711102559
-24.712221177 15.728503501 4.690362629
-21.825760335 16.145841817 4.897964897
-18.923261869 16.402047787 5.193892297
-16.029880910 16.604462234 5.555709559
-13.186738042 16.628553481 6.198190370
-10.472480012 16.353903629 7.197001314
-7.939128634 15.638081731 8.454288496
-5.494161910 14.953405137 9.894491564
-3.172454904 14.503754803 11.554772420
-0.816167284 14.176157662 13.233304635
1.591123524 14.253769272 14.880534769
20.196673149 -1.888735079 -3.332260148
20.766648732 -3.150313549 -1.822804536
21.109442251 -4.474603216 -0.286224804
21.421129521 -5.685883968 1.317268868
21.789985295 -6.891815139 2.926432541
22.248059302 -7.994021505 4.583095974
22.838575314 -8.944394610 6.294573658
23.255546570 -9.798875719 8.118299869
23.390508092 -10.691482298 9.969172232
23.348926392 -11.595230335 11.812787665
23.120639449 -12.558975832 13.609208755
22.528943733 -13.580835848 15.263068538
21.441085886 -14.669256040 16.580174641
19.979930855 1.344072694 -3.248858744
20.512376983 2.321199396 -1.652468858
20.731258274 3.466160370 -0.086574776
21.078006473 4.530034049 1.512910357
21.432283439 5.578140985 3.124706395
21.824038686 6.540437366 4.779554716
22.182259641 7.412264166 6.485346027
22.525684680 8.197976961 8.231815180
22.749458621 9.039885483 9.969165909
22.958360548 9.753845794 11.762141401
22.952917829 10.494191148 13.550676011
22.764501841 11.320157116 15.294844674
22.081962521 12.247108704 16.798280422
9.288349712 -15.946909255 2.991086747
10.475172904 -15.936004377 4.759768939
11.922210613 -15.782163158 6.309639826
13.560991422 -15.521893910 7.649242746
15.395534849 -15.088420310 8.577367365
17.214925828 -14.133825810 8.610182265
18.468829651 -12.771865578 7.629747437
19.101058992 -11.467953578 6.060216312
19.442957019 -10.185991519 4.372609755
19.704646957 -8.883588971 2.692587903
19.868500996 -7.491659211 1.083643304
19.654133476 -6.314405101 -0.637789334
19.007293210 -5.388678442 -2.399953665
17.785492813 -4.887689487 -3.909565613
16.080459236 -5.183971204 -5.060474846
14.294015695 -6.024846997 -5.849390698
12.529751123 -7.176426201 -6.162890878
10.935274614 -8.611052873 -6.079027047
9.401375895 -10.019769665 -5.638255851
8.093215020 -11.553815359 -4.935927465
7.136881658 -13.156048890 -3.947297600
6.726715679 -14.610579864 -2.585207040
7.278067644 -15.486519110 -0.784940902
9.580931166 15.327361740 3.319684617
10.763740859 15.259135809 5.093194849
12.149980564 15.088696665 6.684109280
13.745256856 14.820103128 8.040861865
15.473682443 14.254805458 8.865306725
17.139595623 13.434590492 8.969487894
18.592985824 12.284017264 8.458906029
19.409669296 10.923485290 7.161314908
19.751907682 9.610069998 5.501070573
19.943043762 8.380859700 3.744980016
19.961846331 7.229374970 1.969938508
19.723156875 6.101322867 0.258137475
19.150313853 5.191318790 -1.439750926
18.153733918 4.889656082 -3.017001276
16.708994160 5.094467028 -4.247125617
14.992205522 5.773006065 -5.072099748
13.208771340 6.827700842 -5.486483517
11.564943774 8.171970737 -5.559255107
10.094704196 9.641875255 -5.110669146
8.815185549 11.121522924 -4.386006279
7.847687314 12.543095741 -3.426350168
7.405105190 13.860287779 -2.112336415
7.825226591 14.750194499 -0.377402707
'#25
49.15227122 25.61043063 -14.43892103
49.20895239 -28.29100114 -14.33026720
10.34590910 24.95057401 -4.89612356
10.42646607 -25.26763357 -3.63974999
51.77857944 18.34426941 3.60324506
51.44404200 -18.67144981 4.00656451
56.88223998 20.42360628 -2.69443388
56.49094598 -21.43275528 -2.65481962
40.86142124 12.04813011 -5.32117350
40.72044768 -12.98132278 -5.02810508
36.27525741 6.47188634 -4.52527487
36.20918812 -7.10974982 -4.32970444
33.03020974 -0.18593040 -5.93934728
38.52769342 -0.27811147 -1.50547145
11.58586072 -0.10730716 10.82598527
16.86444363 5.94853474 13.60552856
16.71152225 -5.94065874 13.79447650
14.09172010 5.09523554 14.22716006
13.56673768 -5.03637256 13.99432757
31.91421124 12.78939909 6.78140118
31.73398830 -12.56091916 6.96402414
3.04950837 15.11297861 10.47501361
2.52808411 -14.04373862 11.68230040
-4.08190237 16.15863037 14.44686035
-3.86837051 -14.59494554 15.65547223
29.32469880 12.75417085 -3.42395803
29.72917190 -13.07173505 -3.49265973
-8.21914528 -0.25043792 -12.41090852
-8.21431166 -1.08273629 -12.39591066
-21.19361425 0.69308003 -5.38523785
-21.17578256 -0.62965930 -5.16800339
-9.22598579 -0.21929404 -11.26999291
-9.21888118 -0.84953459 -11.33192657
-8.39076679 16.04149388 1.53504691
-8.59259815 -15.56996949 3.06021047
-6.09651188 13.83851659 -4.25989051
-6.31458873 -14.68912018 -2.66850501
-18.95449390 4.22922824 -4.83034370
-19.30346657 -4.16385138 -4.01465776
-24.17476794 8.63990015 10.10420107
-23.89093012 -6.84061192 10.26201852
-18.87166940 13.65045013 17.61624820
-18.99245963 -11.34767601 18.51845260
2.15829239 24.84240536 0.50148912
2.12863877 -24.61644471 2.16311144
-7.55306568 20.72268424 8.59030109
-8.10335521 -19.87216455 9.75756828
-4.96794814 19.78429100 -2.26526704
-4.53736876 -20.57446757 -0.89724013
0.69178862 21.78145192 9.70177902
0.51634245 -20.11830436 11.07659452
9.35340727 15.95637494 -3.80165483
9.52201854 -16.41743580 -2.64038771
-7.96824346 1.39123126 -12.34980011
-7.53880943 3.00390943 -12.09708810
-6.85573419 4.49207027 -11.71072523
-6.05879854 5.91372168 -11.27908250
-5.12561514 7.24205775 -10.81276449
-4.07928171 8.49866174 -10.38030644
-2.96022952 9.67958631 -9.93456490
-1.82126098 10.80630709 -9.42621861
-0.65873870 11.89166145 -8.85906949
0.58026002 12.91850378 -8.33496193
1.89542619 13.86054697 -7.86310673
3.28455154 14.64326695 -7.34086557
4.70972469 15.20980595 -6.67391398
6.10570806 15.59349060 -5.83976216
7.46791275 15.86463079 -4.90750554
8.84987220 16.06722955 -3.99171916
10.27250105 16.05185587 -3.12904074
11.77832513 16.01070294 -2.39980208
13.40216429 16.03198915 -1.97572135
15.07441000 16.10720145 -1.86390747
16.75606422 16.08499179 -1.87580992
18.43902027 15.93081402 -1.88387097
20.11366744 15.73507400 -1.93397265
21.78163964 15.51602740 -2.02766996
23.44717378 15.27184865 -2.14408492
25.09049274 14.92268928 -2.28947717
26.65859531 14.41651049 -2.49582055
28.04827017 13.61994114 -2.91614863
-7.98413847 -2.75834707 -12.10312172
-7.65441958 -4.39219334 -11.72187489
-7.03440887 -5.88424924 -11.17403803
-6.24436087 -7.28329628 -10.58513926
-5.28494863 -8.58387476 -10.01395034
-4.23075547 -9.83116435 -9.48943974
-3.11325593 -11.04010704 -9.00710113
-1.95923791 -12.20334469 -8.51643450
-0.77286753 -13.27959620 -7.92453181
0.47772327 -14.24907889 -7.27601912
1.84951448 -15.07897277 -6.67972105
3.30118797 -15.71774436 -6.07317132
4.76906707 -16.16076047 -5.33981533
6.20378352 -16.40720093 -4.48207678
7.63257272 -16.47179695 -3.58014354
9.08387985 -16.42144737 -2.70637341
10.56973986 -16.35902488 -1.89080314
12.19625486 -16.39881870 -1.40915248
13.89014152 -16.46830525 -1.26605769
15.59260667 -16.50653094 -1.25743491
17.29881182 -16.47187740 -1.30017694
19.00123540 -16.33429930 -1.40211631
20.69360277 -16.16131818 -1.59907079
22.37825955 -15.94922735 -1.81090992
24.04275920 -15.66413376 -2.04396961
25.64607909 -15.29430344 -2.43591850
27.21121768 -14.76306873 -2.69979563
28.65436597 -13.96713195 -2.91356865
31.93572186 -0.16740881 -4.33598406
30.78701094 -0.14115268 -2.72915939
29.56155305 -0.10838983 -1.17624823
28.17898912 -0.09899984 0.25970582
26.63218918 -0.10035270 1.52742944
25.06911974 -0.08577779 2.78217130
23.54505590 -0.05217188 4.07724170
22.06447109 -0.01326078 5.39437228
20.56387446 0.02392496 6.66883504
18.94613031 0.04452248 7.80922811
17.20142353 0.03911456 8.76174666
15.36624286 0.01799636 9.54015586
13.49436140 -0.03597172 10.19813270
-8.95263325 -0.37564439 -11.68870112
-9.86207391 -0.40465197 -11.15478154
-10.88383002 -0.35368745 -10.79404797
-11.90683701 -0.33798030 -10.41593841
-12.93350752 -0.27200512 -10.04728167
-13.91279130 -0.19452949 -9.59328413
-14.86238501 -0.15010543 -9.07810746
-15.80097372 -0.10991651 -8.55973950
-16.76907220 -0.08577563 -8.07336809
-17.76239069 -0.01850027 -7.62577734
-18.68869055 0.11096561 -7.14113661
-19.48666170 0.28761015 -6.60316915
-20.32626051 0.48638898 -5.98753317
-8.94579583 -0.89477486 -11.68848430
-9.87357615 -0.75717081 -11.18371513
-10.90411733 -0.67944181 -10.82063924
-11.93315842 -0.60581973 -10.42577851
-12.93993113 -0.56616491 -9.97297844
-13.89671774 -0.48906528 -9.43976118
-14.87963297 -0.43526774 -8.95315868
-15.85810009 -0.34153349 -8.48669245
-16.85539330 -0.29826410 -8.06581922
-17.82688233 -0.35225802 -7.69966505
-18.73308060 -0.39727749 -7.15100937
-19.56741547 -0.45055244 -6.52927258
-20.37359029 -0.49750782 -5.83540641
29.74361476 14.05837454 5.87600848
27.25919752 15.14310399 5.42419327
24.57837643 15.81193480 5.62190529
21.80062166 16.16268728 5.74659659
19.00919443 16.43091610 5.81670100
16.21874500 16.66594362 5.94746367
13.44436298 16.74476020 6.35372055
10.73978874 16.57229238 7.07873459
8.14829851 16.18937254 8.07661884
5.64173884 15.72342066 9.24311390
3.15292196 15.24132321 10.45229025
0.65510069 14.93656814 11.66161157
-1.72791077 15.44263554 13.02429803
29.46961185 -13.92426115 6.21251514
27.02091600 -15.06874539 5.77330460
24.31256819 -15.56793977 6.03760646
21.55310965 -15.85167744 6.21118287
18.78563411 -16.04001833 6.31794309
16.01415972 -16.16700712 6.50497957
13.28542873 -16.18412800 7.05583538
10.66988395 -16.07497382 7.98840610
8.16735597 -15.72649273 9.15462888
5.69724020 -15.12805695 10.31172024
3.24295765 -14.39995821 11.42241757
0.82651362 -13.88231471 12.64852840
-1.48718020 -14.12056531 14.16657692
-22.05584796 1.91488737 -3.83408355
-22.47544330 3.23249465 -2.32451169
-22.71079619 4.46616552 -0.71347347
-22.96701368 5.46059139 1.05380661
-23.29954894 6.29689898 2.88517847
-23.74458739 6.93809484 4.78507940
-24.04165919 7.52701281 6.72194161
-24.20629409 8.06322516 8.70037025
-23.90920113 8.68595859 10.61069797
-23.37515939 9.50794063 12.41136288
-22.56689430 10.43850424 14.01654999
-21.43486994 11.45083066 15.35534170
-20.17032542 12.61197801 16.48771509
-21.77063154 -1.60875908 -3.52897810
-22.13239497 -2.65308787 -1.84632564
-22.41036469 -3.59702110 -0.10214956
-22.69889646 -4.41918990 1.71658619
-23.00836981 -5.15623020 3.56942252
-23.30808725 -5.72710367 5.47704415
-23.56282867 -6.10721252 7.44087733
-23.66189473 -6.48286639 9.42248505
-23.62989737 -7.01994795 11.36240161
-23.32108527 -7.62169442 13.25040550
-22.51852318 -8.34121619 14.92684650
-21.46361066 -9.39421132 16.27764314
-20.28426586 -10.45311948 17.49824003
-9.76917054 15.60554179 3.34927144
-11.18219576 15.15217032 5.10249331
-12.81837688 14.62275447 6.59503283
-14.61108478 13.88285080 7.75595741
-16.48894994 12.78966340 8.27648316
-18.26501503 11.53748952 7.89141188
-19.59785388 10.12915592 6.77301950
-20.35007479 8.80689619 5.12337972
-20.67866395 7.75001044 3.17211497
-20.76553157 6.87970930 1.08870828
-20.78246357 5.90261019 -0.97966956
-20.25824834 4.98140806 -2.94876093
-19.05133768 4.55487035 -4.67350919
-17.23905098 4.81705069 -5.73540049
-15.15125545 5.44892902 -6.18115007
-13.22542542 6.63121810 -5.99762802
-11.46456296 8.02102177 -5.90421093
-9.81137098 9.51693445 -5.65753229
-8.23733396 11.14657651 -5.43771554
-6.74778751 12.74492284 -5.00282114
-5.90817559 14.22000799 -3.65090179
-5.87563127 15.45159579 -1.95428127
-6.87542259 15.95262323 -0.16547362
-9.98419016 -15.07015770 4.90655603
-11.35678035 -14.49806417 6.67832333
-12.90913557 -13.76285752 8.23444118
-14.68899999 -12.86842500 9.36106427
-16.59585309 -11.72386474 9.69233574
-18.31662980 -10.37135372 9.25471980
-19.56584886 -9.04698281 7.97673340
-20.35173601 -7.87737797 6.19966433
-20.71776544 -6.88178452 4.15093069
-20.86663553 -5.95503555 2.05098199
-20.84082741 -5.19676548 -0.11895399
-20.29418076 -4.60148754 -2.23248572
-19.12441459 -4.38672172 -4.06116114
-17.36118290 -4.77760606 -5.17651664
-15.33742491 -5.61187012 -5.51086708
-13.40169457 -6.82587793 -5.40497743
-11.71029595 -8.32882888 -5.09073833
-10.08152964 -9.85508036 -4.74694610
-8.47469489 -11.44479628 -4.57275905
-7.05148146 -13.09873917 -3.90594545
-6.27073469 -14.67341663 -2.57372989
-6.23832480 -15.67287914 -0.67110518
-7.19461070 -15.90279331 1.25912530
'#26
56.949977463 28.174674941 -12.941885625
57.428764868 -27.374939473 -13.498617424
11.925953015 28.246049074 -2.657956840
12.664129889 -27.827991420 -4.088684129
58.444690509 21.120064510 5.205266959
58.106543792 -21.453367373 5.487200732
64.916334560 23.706982712 -2.858098132
64.665957717 -23.700775725 -2.726484933
45.895358974 13.485832489 -3.393856080
46.065011484 -14.577410103 -4.822629550
41.108056647 7.632421035 -4.095538599
41.302256556 -8.172370083 -4.425316018
37.012876489 -0.307287284 -6.873733856
44.063195802 -0.276955736 -1.849424051
10.626598851 -0.816762377 15.672226165
15.213052127 6.136247373 19.326444202
15.387942355 -8.056402718 19.286260435
12.607097172 5.197560710 19.459642516
12.406509148 -7.052811204 19.235456123
35.356133940 12.031534581 7.905929935
35.109108893 -13.434470865 7.022279964
0.822975168 14.709785381 14.677691230
0.646422975 -15.274032840 14.202105310
-6.214179244 14.749459085 18.297470912
-6.006695258 -15.586449243 17.707399588
34.262340449 14.470956779 -3.886663978
34.208630251 -14.573444100 -4.372031437
-7.655891131 1.495931716 -14.595608480
-7.642122393 -0.338360615 -14.496353181
-23.883780633 1.227929092 -5.397383407
-23.601109586 -0.891710296 -5.262304436
-8.962154276 1.311419645 -12.822549021
-9.003192244 0.016030216 -12.809097868
-10.732192518 16.649635479 1.386208465
-10.394701186 -16.350443067 0.453998570
-9.272937118 15.204847720 -4.187032986
-8.766795015 -14.645045747 -4.426084943
-21.407964761 5.289211800 -5.216046466
-21.306570722 -4.987724566 -4.991539643
-27.021659846 7.160729797 10.257387622
-27.012964282 -7.762499318 9.643078364
-21.196621831 13.190575102 21.067323403
-21.669512126 -14.623281466 20.023607805
3.042998663 27.812431998 2.284108747
3.324421469 -27.681409510 1.346389477
-10.787615206 21.740184857 11.186971757
-10.525809699 -22.111488572 10.011791040
-6.128907925 21.981685761 -1.220972273
-5.856744104 -21.639262749 -2.063052943
0.431531907 22.360686106 12.856072762
-0.200309496 -23.112966608 12.067050918
10.697407542 18.326339409 -4.652241816
11.007861234 -18.011925432 -4.741962903
-7.587514864 3.341978616 -14.340908778
-7.332566424 5.154696143 -13.963428976
-6.789371997 6.865943011 -13.474843366
-6.023743983 8.458093122 -12.891460795
-5.010317231 9.910459133 -12.294161132
-3.834780685 11.267743684 -11.773657996
-2.507094911 12.495344993 -11.260431688
-1.121185192 13.602697393 -10.631926153
0.261577117 14.640930002 -9.898633817
1.659212507 15.627295801 -9.132730511
3.127366420 16.539381874 -8.400010624
4.723320039 17.306165212 -7.791573114
6.374185465 17.868024445 -7.180431290
7.987229973 18.236754599 -6.375737846
9.596208009 18.357271889 -5.456828488
11.178062686 18.321023210 -4.519701576
12.735394268 18.225682486 -3.681839521
14.478818273 18.048286766 -3.069353723
16.274624835 17.958265962 -2.547015682
18.095647355 17.903374987 -2.228645313
19.953481545 17.791597926 -2.078991792
21.823552559 17.657740927 -2.094959200
23.689028917 17.514984589 -2.199848976
25.535461859 17.277327497 -2.307363629
27.364116824 16.908684851 -2.558925663
29.155390835 16.429698089 -2.840510145
30.942094289 15.993932368 -3.138256470
32.616753369 15.256523124 -3.522032443
-7.344780171 -2.136589670 -14.194738056
-6.978090796 -3.897183046 -13.758605112
-6.349087458 -5.548134989 -13.175540546
-5.554039413 -7.134628159 -12.640438524
-4.551682138 -8.596263399 -12.143396412
-3.450451660 -9.997688995 -11.655174068
-2.192484460 -11.264503513 -11.142333018
-0.778674458 -12.351326885 -10.629978857
0.635820899 -13.404491240 -10.053157088
1.989392085 -14.490680267 -9.377926770
3.371217845 -15.521108678 -8.674828061
4.872923123 -16.410839185 -8.027488574
6.488969129 -17.081722605 -7.401650588
8.096765065 -17.506828783 -6.663986941
9.717542609 -17.711839501 -5.828161449
11.301840312 -17.865335506 -4.919778972
12.874216185 -17.992957419 -4.047793158
14.564143331 -18.080369245 -3.362256914
16.361509835 -18.104882558 -2.901197222
18.186515412 -18.053727515 -2.594812101
20.021978307 -17.893614480 -2.426658523
21.859127013 -17.672927494 -2.353644516
23.697625995 -17.437937577 -2.345200632
25.532278505 -17.180979519 -2.449200417
27.350544778 -16.868451360 -2.690967991
29.138445609 -16.467034327 -3.038487353
30.897860881 -16.042883016 -3.456130423
32.563260138 -15.339474874 -3.904897433
35.421637728 -0.371707644 -4.765432628
33.859792946 -0.388906902 -2.827490114
32.246986129 -0.445670537 -0.928159676
30.563732110 -0.484093658 0.910133223
28.810023533 -0.524403476 2.680972466
26.985680994 -0.562811273 4.380057561
25.102304829 -0.589116419 6.011508736
23.147860399 -0.631033587 7.562971930
21.179417983 -0.672109398 9.095094706
19.176846878 -0.703840053 10.579421319
17.116976341 -0.726533203 11.975021517
15.042000357 -0.743711556 13.330221001
12.875376353 -0.760818780 14.529318605
-8.242146927 1.213397874 -13.541509487
-9.266794361 1.037708985 -12.793286678
-10.585357212 0.843459720 -12.522926665
-11.869036314 0.697397350 -12.241138939
-13.161420933 0.649198345 -11.772670162
-14.442930560 0.602443972 -11.184676773
-15.752306754 0.629492448 -10.698314868
-16.987907268 0.685157621 -10.062301439
-18.203013469 0.737959866 -9.381658046
-19.321985007 0.762870768 -8.574045700
-20.436329301 0.799742493 -7.729915351
-21.482536057 0.839498314 -6.810752174
-22.640230217 1.008445343 -6.031841367
-8.337730076 0.025618459 -13.458428436
-9.360105437 0.049523953 -12.660619330
-10.689931153 0.053875894 -12.425221629
-11.989306816 0.080649813 -12.119249966
-13.329894687 0.016712929 -11.776410101
-14.587117746 0.010878976 -11.149108263
-15.857277507 0.004018726 -10.568017881
-17.151150563 -0.116157961 -10.040721198
-18.356512511 -0.223543441 -9.339445031
-19.575030849 -0.271323878 -8.684478771
-20.538780751 -0.329251227 -7.849465132
-21.561595550 -0.420133235 -7.047705225
-22.569606189 -0.623082549 -6.144109212
32.594685839 13.464520358 6.935057927
29.847135604 14.930053477 6.451811239
26.824584185 15.943153955 6.856115235
23.698191899 16.692581166 7.298821454
20.514787351 17.247618381 7.712075480
17.316769417 17.546131783 8.253018572
14.168267282 17.553032320 9.076616784
11.108186392 17.310155381 10.158753466
8.177516110 16.808003524 11.491472730
5.348694023 15.980131302 12.853564177
2.455792649 15.156773020 14.077899493
-0.440297657 14.578072320 15.414260947
-3.326190036 14.508438101 16.837967253
32.354611071 -14.981130675 6.584769205
29.456643191 -16.189985330 6.427564141
26.428399512 -17.019600752 6.729332755
23.337312894 -17.634049453 7.115565191
20.187458707 -17.984910902 7.460905943
17.039884245 -18.127384785 7.923059161
13.940163645 -18.127118294 8.651133540
10.951065037 -17.918099896 9.726710011
8.098055570 -17.445897474 11.048725040
5.308702919 -16.688612584 12.388946421
2.485208993 -15.799074756 13.558570491
-0.408253306 -15.243024945 14.711576252
-3.232370405 -15.337989535 16.161556090
-24.879129465 2.133884137 -3.595425480
-25.385788095 3.171530404 -1.678502093
-25.592637300 4.154646873 0.328314592
-25.899232604 5.039270364 2.378013761
-26.420345691 5.727059370 4.448595912
-26.812165495 6.255503743 6.579957599
-26.914679972 6.724126819 8.747717515
-26.759232084 7.482599980 10.817519744
-26.485613776 8.254149383 12.899777901
-25.822239725 8.966057183 14.825859785
-24.957786290 9.940967703 16.635656672
-23.975968243 10.894451073 18.432967128
-22.664366716 12.031072987 19.848595737
-24.561121224 -2.016288855 -3.677873332
-25.157156368 -3.118628393 -1.860990722
-25.462634935 -4.176941291 0.052605992
-25.787913709 -5.149130985 2.010419701
-26.276615197 -5.963809480 4.008318349
-26.793608314 -6.626903566 6.059756108
-26.948295925 -7.230330749 8.159938427
-26.801534854 -7.977196639 10.217431653
-26.568285755 -8.824095118 12.252903117
-26.044361916 -9.673179870 14.179828362
-25.168455600 -10.677254137 15.877715146
-24.170744600 -11.867099235 17.469120288
-22.975991161 -13.168025401 18.806810188
-11.945455969 16.196105428 3.093901317
-13.202388941 15.707731065 4.803208257
-14.545340104 15.015323042 6.345110358
-16.075634860 14.088988497 7.339650095
-17.587532137 12.819853358 7.759904941
-18.989458273 11.423526027 7.277958635
-20.114257985 10.126008358 6.073700618
-21.060854709 8.797290501 4.656168764
-21.855513241 7.657403017 2.989110624
-22.463311730 6.721233018 1.129347377
-22.726342639 5.999771335 -0.835549303
-22.409761743 5.631213669 -2.758373164
-21.528473573 5.615786467 -4.499267059
-20.106571316 6.133645837 -5.840131932
-18.492681322 7.179628193 -6.569886390
-16.851236367 8.555371086 -6.687069668
-15.163983183 9.873189451 -6.518994576
-13.733458403 11.402448549 -6.139916187
-12.300338438 12.834600104 -5.466414141
-10.647176363 13.837791388 -4.885425978
-9.493029804 15.006321165 -3.972949154
-9.342918000 16.172780665 -2.452518090
-9.805885970 16.598864462 -0.569183052
-11.494308611 -16.031968300 2.270006421
-12.704668503 -15.690752391 4.029299925
-14.155967323 -15.169327340 5.538269028
-15.735695588 -14.292525042 6.597008469
-17.319624275 -13.135802154 6.881264424
-18.742746003 -11.802788551 6.497950965
-19.948908596 -10.398921671 5.610711313
-20.884149485 -9.081109941 4.202808102
-21.626180146 -7.830086907 2.613491729
-22.254555568 -6.632594295 0.955825210
-22.491143543 -5.805853626 -0.959184151
-22.238774947 -5.273586350 -2.890402436
-21.340888710 -5.172752112 -4.639679093
-19.875084987 -5.635260000 -5.932133084
-18.182830379 -6.584559493 -6.591228607
-16.509222801 -7.812531549 -6.836094561
-14.968602320 -9.260372159 -6.682636394
-13.482974870 -10.699741769 -6.146276221
-11.955608978 -12.027683962 -5.602630073
-10.310979711 -13.236868953 -5.346242399
-9.264731220 -14.533153151 -4.550321145
-8.899859585 -15.515918975 -3.114378651
-9.489938937 -16.151858835 -1.417886500
'#27
16.374345061 5.704443738 -3.381118486
16.182333639 -6.479330057 -2.140671035
3.188049917 7.139032318 -0.366195264
3.193873053 -7.078377419 1.196794920
16.672831198 5.503111874 0.355934198
16.469009688 -5.531179363 1.557282341
17.755999802 5.897935391 -0.674205124
17.565792909 -6.184184456 0.577483134
14.850231260 3.401514106 -2.249072376
14.849317577 -4.062888446 -1.310367834
13.406925967 1.438244672 -2.400406965
13.378611877 -2.146900694 -2.145466686
12.398479522 -0.446397507 -3.161505365
13.893250652 -0.217643378 -1.676029691
3.887573288 0.276075552 1.814744984
5.227289679 1.824868440 2.233323242
5.240168605 -1.165072501 2.629810452
4.378371035 1.625578083 2.394631872
4.336007366 -0.844737384 2.698921376
11.056343280 2.981426728 0.350397767
10.977621012 -2.949373078 1.117740583
0.569366906 4.600114383 3.438531582
0.276088404 -3.842261432 4.257161834
-1.631841924 4.552129307 4.765856774
-1.882959360 -3.408242757 5.392928392
10.655404501 3.676357512 -1.923209740
10.621465210 -4.034923001 -1.146042232
-4.556905972 -0.355092302 -4.478343320
-4.562791378 -0.589019497 -4.460716257
-6.261044382 -0.157823360 -3.117348073
-6.259737813 -0.605951410 -3.076874185
-4.962366338 -0.340047600 -3.793662365
-4.982813216 -0.564652343 -3.795093567
-2.201307935 5.034160947 1.544869308
-2.359195140 -4.543492791 2.417421619
-1.506291887 4.893717526 0.036952942
-1.628945965 -4.661399165 0.951156837
-5.399103441 1.808868163 -1.786995560
-5.456130587 -2.175268967 -1.470314212
-7.712302250 3.646303753 3.509826782
-7.832396939 -2.799936350 3.981760897
-6.887672130 4.841246197 5.863312695
-7.362935044 -3.425500397 6.377792179
0.791946928 7.477104973 1.024038711
0.726791995 -7.109951272 2.507337481
-1.735686985 6.755228531 3.084153180
-1.950109841 -5.955327515 4.235483639
-0.948337740 6.502496153 0.308073098
-1.088440554 -6.133926090 1.630118143
0.372018776 6.757538163 3.214941510
0.054870186 -5.803892683 4.488764636
1.579856779 5.542258573 -0.518025176
1.767369538 -5.443787638 0.633943349
-4.452184333 0.250663616 -4.273173768
-4.299030468 0.816251126 -3.900244541
-4.081543942 1.288747203 -3.514217435
-3.724691160 1.758136181 -3.185592485
-3.306843755 2.226339023 -2.940133891
-2.852833948 2.663154208 -2.699605180
-2.372219503 3.066684206 -2.452003492
-1.894806743 3.470920373 -2.198637688
-1.426022556 3.877928145 -1.936890652
-1.000687494 4.304875708 -1.637209846
-0.580640623 4.718701630 -1.330905257
-0.142752964 5.110550967 -1.045161073
0.418054706 5.376866585 -0.806723467
1.058432841 5.520916865 -0.680172529
1.714084590 5.577697933 -0.551032463
2.364599034 5.594456034 -0.407292104
3.029800642 5.544406431 -0.332301623
3.698031351 5.464718601 -0.346735196
4.364954306 5.367131973 -0.387506915
5.028440281 5.249683597 -0.452818971
5.683829365 5.114897850 -0.552044188
6.333418815 4.981540323 -0.685893848
6.978786069 4.844439165 -0.832667328
7.618504664 4.698715144 -0.993254539
8.253816795 4.544443873 -1.167417278
8.880914550 4.361300519 -1.336273898
9.505225571 4.172722902 -1.490173367
10.088198195 3.933934640 -1.702468821
-4.440917032 -1.171752897 -4.039431543
-4.300943674 -1.632379156 -3.589768828
-4.007324129 -2.038996249 -3.154208685
-3.629235289 -2.430852303 -2.765028840
-3.202025686 -2.801421119 -2.406854156
-2.737874014 -3.176924705 -2.104517003
-2.262319747 -3.542033103 -1.811521901
-1.806476316 -3.923634911 -1.526639341
-1.351701728 -4.251597407 -1.169322010
-0.935881967 -4.556047930 -0.752809591
-0.541544011 -4.902726876 -0.347594010
-0.115141188 -5.215361204 0.033002664
0.458234207 -5.396307641 0.290987630
1.090296496 -5.452607509 0.417422738
1.736796951 -5.499556217 0.562947426
2.390532782 -5.497984224 0.695111774
3.050540498 -5.441366786 0.774649310
3.712349844 -5.353309670 0.799565486
4.375297287 -5.266514521 0.755778616
5.031784030 -5.177605019 0.654652772
5.679792338 -5.068276020 0.521636470
6.322589997 -4.965873876 0.359530258
6.962647442 -4.858221745 0.190795214
7.601755685 -4.743969908 0.020933812
8.236430944 -4.622815973 -0.157015893
8.857504050 -4.491182040 -0.366486914
9.471835717 -4.357666816 -0.581131862
10.058018953 -4.198558608 -0.855769667
11.908956022 -0.357580639 -2.673086754
11.371857139 -0.283303771 -2.212764661
10.795902354 -0.215608436 -1.799449499
10.208140101 -0.152632363 -1.402399431
9.604784028 -0.094930757 -1.031912939
8.994841734 -0.039726525 -0.671386740
8.374867436 0.008239459 -0.323966243
7.746544019 0.042068898 0.007470138
7.097294533 0.057986809 0.285393998
6.486224049 0.109672534 0.645128741
5.855327183 0.151864322 0.970366200
5.212078473 0.196882268 1.273434925
4.557521450 0.240712760 1.543940127
-4.559502427 -0.362454880 -4.310666836
-4.599871995 -0.369443532 -4.155004756
-4.692742924 -0.374968728 -4.027562463
-4.821544317 -0.378266093 -3.920694188
-4.960293188 -0.374738047 -3.829897146
-5.102690543 -0.357266929 -3.737913249
-5.245233153 -0.333901904 -3.647636944
-5.393171917 -0.312648931 -3.562958189
-5.544556307 -0.294188014 -3.485474864
-5.697011983 -0.281990084 -3.411732672
-5.849670505 -0.266201012 -3.335995483
-6.001338850 -0.235447032 -3.261968067
-6.130047542 -0.190726676 -3.188107264
-4.556451116 -0.535631204 -4.293620600
-4.584450971 -0.489649675 -4.139865659
-4.687933669 -0.483212349 -4.043039792
-4.827862711 -0.486628779 -3.944676765
-4.968677827 -0.505458548 -3.837656929
-5.120801185 -0.512896593 -3.742020761
-5.280305371 -0.510704301 -3.657077426
-5.429961657 -0.523349531 -3.579392835
-5.574606399 -0.539413895 -3.496710896
-5.714070073 -0.527733465 -3.395363758
-5.848354163 -0.520528718 -3.300957960
-5.987502165 -0.535535761 -3.231477825
-6.123858695 -0.573994163 -3.154873491
10.241775804 3.525564421 0.308474077
9.350894140 4.009623607 0.320046211
8.461030985 4.399260103 0.546625864
7.521707169 4.653709748 0.814122542
6.556440621 4.840690957 1.065208927
5.587832394 4.983728414 1.330075302
4.615534503 5.079701472 1.598920048
3.645694627 5.108229750 1.886878834
2.707474850 5.034370796 2.254951480
1.815078096 4.887476597 2.713590122
0.959710008 4.741900972 3.239261184
0.089444560 4.633618298 3.733700936
-0.788745405 4.560698199 4.212527708
10.159617585 -3.543526040 1.101387625
9.225944331 -3.947428842 1.188496458
8.270524670 -4.188470920 1.388486196
7.331914839 -4.378567148 1.698402785
6.395248499 -4.525942212 2.044551147
5.434491267 -4.619926742 2.347515716
4.458710132 -4.645926943 2.613190364
3.488156610 -4.606118380 2.885755657
2.542443975 -4.457428058 3.199515156
1.643674051 -4.235943919 3.595578332
0.768249933 -4.007258716 4.046829423
-0.118545205 -3.783734333 4.465275174
-0.999030028 -3.612193189 4.919053290
-6.433127676 0.344521932 -2.583566166
-6.496528658 0.797779331 -1.966900373
-6.482298021 1.251258275 -1.348584945
-6.498144582 1.643728577 -0.687449018
-6.637316784 2.028667701 -0.031805551
-6.841879383 2.406754477 0.616855823
-7.080932634 2.732210681 1.279862651
-7.309961459 3.026465164 1.960475825
-7.500662646 3.315363512 2.657775870
-7.669327977 3.579822563 3.371731886
-7.768828419 3.884436313 4.078346437
-7.731260527 4.236206513 4.760658137
-7.393387840 4.544858147 5.366999682
-6.402498372 -0.909215545 -2.437804810
-6.418947413 -1.190047996 -1.764950149
-6.438549598 -1.477221205 -1.091461041
-6.539046414 -1.737533496 -0.412592465
-6.697022706 -1.959461785 0.268699219
-6.956101649 -2.192469818 0.897538338
-7.174653559 -2.346799263 1.580675229
-7.364413746 -2.496752596 2.271422951
-7.542326268 -2.642012097 2.963415049
-7.727058725 -2.738571270 3.668760352
-7.880793859 -2.857586879 4.377308094
-7.919446429 -3.036456098 5.086642321
-7.712366557 -3.217728367 5.758446886
-2.670133352 4.957396029 2.038664298
-3.178017552 4.851260113 2.491204838
-3.765290993 4.711297439 2.793055219
-4.369096844 4.541400561 2.956988779
-4.941875910 4.314580454 2.896818989
-5.385797393 3.978581160 2.613922521
-5.688776047 3.622611728 2.145847458
-5.839903186 3.274795269 1.575526006
-5.897433184 2.932163965 0.972655818
-5.896512092 2.645460342 0.330825527
-5.851569111 2.401482722 -0.319024034
-5.730237933 2.171778279 -0.915072121
-5.463442168 2.027604613 -1.416559068
-5.008181908 1.980387402 -1.709360402
-4.425678797 2.153103022 -1.710985450
-3.853185023 2.465433357 -1.511814483
-3.332348638 2.866835552 -1.290513715
-2.841880768 3.302836300 -1.047988318
-2.403402861 3.753754400 -0.746734445
-1.984552285 4.213524793 -0.449323388
-1.706167066 4.635932672 -0.074393001
-1.633413297 4.939954594 0.435789657
-1.801273924 5.040395974 0.993268235
-2.843355615 -4.361889890 2.842923149
-3.351653644 -4.171364623 3.246196593
-3.936695907 -4.007493090 3.494599809
-4.532341555 -3.835665366 3.609778895
-5.093698510 -3.625115250 3.509181357
-5.534455743 -3.358317688 3.153124387
-5.811123399 -3.087807073 2.618107101
-5.958602108 -2.870582553 1.987468961
-6.020212022 -2.703901011 1.321570892
-6.018658491 -2.586877447 0.642628450
-5.944137176 -2.491036214 -0.016870886
-5.753787942 -2.368820660 -0.606405026
-5.497014248 -2.290500857 -1.072062500
-5.050881810 -2.336691215 -1.373052717
-4.459233906 -2.522880560 -1.361095650
-3.897144024 -2.812043411 -1.129656016
-3.384107848 -3.145774849 -0.818566063
-2.911703645 -3.512515427 -0.484882138
-2.466052586 -3.879289181 -0.111758791
-2.078463545 -4.228427392 0.314644529
-1.862087216 -4.553254252 0.776850703
-1.739526584 -4.723179578 1.312786767
-1.965255640 -4.680588149 1.884158409
'#28
21.931158816 7.500167741 -4.466963450
21.915515250 -8.410493439 -3.117722747
2.551472624 6.840022291 -1.058624900
2.503812779 -7.051646571 0.357033008
21.123209044 7.247978637 2.577846503
20.933378647 -6.785605409 4.056201748
22.983697287 7.617822489 0.991148811
22.957347078 -7.386127683 2.401461742
19.290087452 4.551025336 -1.465133897
19.177886477 -4.935098307 -0.467208753
17.583753393 1.717151033 -2.191337754
17.444799428 -2.228419529 -1.825453941
16.598128091 -0.269674564 -3.093190586
18.076594733 -0.232835476 -1.057972385
5.659950718 0.429677456 3.438782367
7.163347528 2.366708862 3.842579299
7.129641043 -1.588916001 4.227582144
6.206075504 1.900672405 4.203368141
6.188566797 -1.037367148 4.404368841
13.630497107 3.610032398 1.367556857
13.478746953 -3.460357479 2.100724588
-0.011649387 5.813211391 4.926066286
-0.229437149 -5.025149479 5.811743671
-4.174471235 6.720958750 7.171535670
-4.346538078 -5.617018268 8.163935210
14.417176516 4.267672884 -2.239378641
14.409646579 -4.611056177 -1.499337147
-4.140922405 0.768156990 -6.422331458
-4.047029857 -1.853180923 -6.126914269
-8.581875904 0.545840814 -3.049002049
-8.623394840 -0.931462626 -2.746183894
-5.046545746 0.374488266 -5.405871051
-5.006117917 -1.207384398 -5.284437507
-4.726343346 5.033202658 0.960140335
-4.678425530 -4.800692110 1.439019387
-4.941956763 3.216420372 -2.308919927
-4.612964403 -3.806242244 -1.337322305
-6.873293485 2.250498133 -2.691940178
-7.079635679 -2.558174930 -2.127825781
-9.350742039 4.510558061 3.411534462
-9.296233431 -3.734534199 3.849827410
-7.966240462 6.089588288 7.119879077
-8.226157109 -4.781530183 7.677305154
0.369719534 9.131529458 0.274530372
0.354521468 -9.039564975 2.114682708
-4.714618677 9.416581196 3.911038142
-4.829308352 -8.735440348 5.205912432
-2.807800036 6.571660968 -0.313835325
-2.800792666 -6.546534383 0.657233946
-0.625301322 7.736379416 4.276683306
-0.783042307 -6.952739945 5.378590276
2.954240785 5.598661779 -1.147605534
2.960118323 -5.803143728 -0.198200182
-3.632310571 1.270447416 -6.063094311
-3.156923350 1.744536487 -5.702686106
-2.735510422 2.213163424 -5.269844492
-2.351224616 2.692452027 -4.818201533
-2.011292706 3.135190412 -4.296690644
-1.688533371 3.559313667 -3.754059168
-1.304482420 3.957499536 -3.234318423
-0.837621837 4.320660583 -2.753307444
-0.234955021 4.636634321 -2.422517905
0.393650721 4.971738055 -2.166599242
1.073016561 5.205636560 -1.928083947
1.748526278 5.408941553 -1.631662823
2.435347717 5.581420337 -1.351907184
3.176812375 5.686147265 -1.184628769
3.935126330 5.753162955 -1.063371840
4.699216265 5.766271229 -1.005765957
5.460523942 5.730972579 -1.027753885
6.225088171 5.684556578 -1.061645268
6.981170961 5.621968159 -1.156143280
7.743958398 5.555288788 -1.228958856
8.499306751 5.471909687 -1.356581335
9.255258475 5.380895007 -1.475491425
10.013095336 5.298730536 -1.576778618
10.769919290 5.196152319 -1.682643544
11.525244002 5.078784993 -1.770394851
12.270318166 4.930474689 -1.889038897
12.996983211 4.757174099 -2.037635601
13.712884710 4.518953662 -2.134739457
-3.554982887 -2.211712041 -5.616939208
-3.092461387 -2.611573633 -5.170859445
-2.661142196 -2.977323695 -4.680294811
-2.276276622 -3.359621437 -4.168679020
-1.914226783 -3.731896614 -3.628109547
-1.549831587 -4.061134760 -3.059104101
-1.193046418 -4.407008664 -2.488170269
-0.744362007 -4.747662294 -1.993503352
-0.188774725 -5.037415371 -1.579746840
0.433441848 -5.315636087 -1.249089156
1.087225699 -5.514096751 -0.939375282
1.776660938 -5.673128089 -0.650468197
2.487016016 -5.783452821 -0.389579109
3.219022057 -5.863088009 -0.194916827
3.974645686 -5.901860501 -0.093426826
4.736195759 -5.916948422 -0.037950967
5.497242631 -5.919133265 -0.004660016
6.260610393 -5.879456289 -0.039462598
7.020856793 -5.813926397 -0.094445940
7.778568023 -5.730445583 -0.148000293
8.530785931 -5.647904616 -0.261577604
9.281167939 -5.552275336 -0.372273343
10.030472719 -5.454839850 -0.490457185
10.780720372 -5.370896236 -0.614758911
11.529479502 -5.295786941 -0.751940230
12.270812226 -5.200390028 -0.907583906
13.001730109 -5.083591123 -1.078753964
13.706964699 -4.872062656 -1.271727224
15.864142833 -0.204578246 -2.513639217
15.148450469 -0.144903932 -1.942741871
14.422224735 -0.086187795 -1.384017127
13.677463567 -0.031387994 -0.850031276
12.928592319 0.016981883 -0.320110381
12.181099165 0.065196337 0.211226946
11.414406407 0.116590382 0.713723717
10.623181380 0.168348158 1.169346905
9.817598265 0.218686555 1.591570415
9.000309434 0.272083572 1.989574798
8.176679817 0.310764606 2.376453083
7.356902594 0.344944481 2.748706201
6.525979937 0.394803534 3.113594750
-4.340123694 0.582375836 -6.125399488
-4.596882435 0.387737979 -5.876147863
-4.935872323 0.320852008 -5.652175159
-5.290619409 0.344037353 -5.441197067
-5.671696486 0.443654294 -5.289489027
-6.030637944 0.568308430 -5.113124209
-6.401492698 0.655656254 -4.920687156
-6.770571706 0.683199622 -4.710184889
-7.130622023 0.682743945 -4.483387621
-7.463043520 0.722926602 -4.221162306
-7.777928011 0.808208650 -3.941592137
-8.066333382 0.880874964 -3.647012220
-8.333577268 0.977957601 -3.346658834
-4.292366617 -1.579260157 -5.869175694
-4.555278989 -1.300853414 -5.704234362
-4.878568672 -1.215097577 -5.484088934
-5.251395482 -1.209882032 -5.294823141
-5.632706605 -1.279733759 -5.119728417
-6.001053176 -1.369763451 -4.932359054
-6.351857411 -1.434696718 -4.695781995
-6.691017167 -1.476062156 -4.429105422
-7.029096835 -1.481612586 -4.158911544
-7.362686384 -1.495661994 -3.884614067
-7.718503778 -1.488186800 -3.634319314
-8.054767127 -1.497156183 -3.366561706
-8.352757047 -1.516025050 -3.052018882
12.478384218 4.367697320 1.332763807
11.167521930 4.844011263 1.425475376
9.816797434 5.132736485 1.577330549
8.449802705 5.337409424 1.783115844
7.083931211 5.502784906 2.041836519
5.726379755 5.606226476 2.366850704
4.381609372 5.688721766 2.758250144
3.081098045 5.757042610 3.273176130
1.839701488 5.763672103 3.930755015
0.612031473 5.797147589 4.608765144
-0.666011088 5.906136401 5.175104874
-1.991715416 6.032341530 5.587501415
-3.162645101 6.361864088 6.262416510
12.314291481 -4.242932704 2.211877738
11.040942134 -4.752124158 2.360964981
9.692740471 -5.002639271 2.526496111
8.314630884 -5.091971957 2.762655436
6.940717417 -5.142274039 3.042412147
5.564285590 -5.200804998 3.308140116
4.213111533 -5.209316503 3.656734874
2.921414276 -5.190613684 4.196970616
1.673134443 -5.128140257 4.837307209
0.425353592 -5.077190704 5.479132679
-0.830659843 -5.129294485 6.093909200
-2.144501678 -5.238301904 6.540648794
-3.322242920 -5.456911729 7.222048306
-8.754160213 1.567251350 -2.332203651
-8.891485998 1.960288655 -1.611014270
-9.035715684 2.349927651 -0.880642081
-9.200440060 2.745931464 -0.148128794
-9.370510781 3.155310407 0.579256811
-9.552124162 3.528972310 1.319823621
-9.656636332 3.899476698 2.077308992
-9.693821466 4.232168265 2.856765781
-9.629744681 4.562443168 3.634545189
-9.425811080 4.919506163 4.377727614
-9.176569195 5.234785333 5.125313781
-8.797986713 5.509734114 5.826206751
-8.335566385 5.757453842 6.456781531
-8.692240553 -1.833525348 -2.025400887
-8.802164394 -2.085353734 -1.290783832
-8.919881408 -2.347538688 -0.559756339
-9.079555000 -2.612437770 0.162188966
-9.300087306 -2.829836796 0.892531105
-9.472831039 -3.085644574 1.628173073
-9.604966813 -3.357026325 2.363476127
-9.688278991 -3.590001452 3.119021851
-9.693184491 -3.807730669 3.884845135
-9.581709003 -4.033049797 4.636650455
-9.414060925 -4.227518639 5.385661990
-9.155140978 -4.415873280 6.110359450
-8.803736544 -4.561116409 6.806187154
-4.955321479 5.188321200 1.648625754
-5.246355949 5.324557092 2.328436857
-5.735173577 5.419617754 2.874448713
-6.389914607 5.441096466 3.227004947
-7.106531106 5.317206666 3.370712006
-7.782782879 5.089443414 3.192395770
-8.247885285 4.748302640 2.723438238
-8.486936621 4.362334469 2.133468095
-8.543981617 4.002649036 1.479839861
-8.479539334 3.625457215 0.835899063
-8.325714304 3.273208209 0.197139552
-8.091846364 2.946513002 -0.433313070
-7.844745901 2.620882445 -1.053731839
-7.585563009 2.372961522 -1.716749745
-7.248927023 2.234764735 -2.355071416
-6.663792321 2.325277747 -2.744886217
-5.952516051 2.550794738 -2.758246539
-5.331983643 2.922632164 -2.567355848
-4.815006914 3.321730344 -2.201900218
-4.481034043 3.710744158 -1.663516728
-4.364173720 4.122051412 -1.057288758
-4.465214163 4.496680511 -0.419890882
-4.609297566 4.792361975 0.258107824
-4.837897815 -4.853105043 2.189359983
-5.088450738 -4.898207605 2.896320735
-5.549188008 -4.914009830 3.493585231
-6.155009439 -4.881441116 3.943624718
-6.854994051 -4.776708452 4.177228603
-7.556734572 -4.577416632 4.079845776
-8.095687236 -4.289965413 3.664272212
-8.408737134 -3.967191743 3.065949943
-8.473582082 -3.673017421 2.378052512
-8.432894515 -3.392399655 1.677168638
-8.303693537 -3.149666124 0.971939833
-8.114115391 -2.904851290 0.282501419
-7.864482154 -2.693581642 -0.397348191
-7.681200987 -2.500379599 -1.092501643
-7.363768473 -2.497754535 -1.770013890
-6.843726998 -2.582700851 -2.279073938
-6.149712188 -2.784203811 -2.332723837
-5.484196309 -3.078946463 -2.149401398
-4.900289899 -3.411016703 -1.820993761
-4.521889120 -3.780898256 -1.284307881
-4.344704502 -4.143904446 -0.656796842
-4.401373234 -4.455487715 0.013236133
-4.530061991 -4.661576249 0.730058781
'#29
19.3645398381 6.9750101783 -3.4095337872
19.2917504310 -7.1995739003 -3.0387789886
3.0228934972 6.6391813189 0.4680546789
3.0636358124 -6.5858022194 1.0528626143
19.0784028814 5.8592981004 2.9501216165
19.1279116885 -5.7868125727 3.3001564391
20.8875424520 6.4814525179 1.2817173007
21.0052708402 -6.3251303615 1.7432182580
16.9223935337 4.2007246308 -1.6726662635
16.9243819347 -4.4550112243 -1.5693840663
15.5051445524 1.7587019599 -2.0005624467
15.5265155151 -1.9110559476 -1.8736233282
14.6653945834 -0.1724099663 -2.7413956801
15.8729006319 -0.0726313888 -1.1326028824
5.7406165728 0.0199227455 2.6925874410
7.2078305733 1.9630284379 3.0304553181
7.2239488941 -1.8441366684 3.1719156013
6.2824855189 1.3146691462 3.2461470402
6.2507879963 -1.1794957594 3.4195560402
11.9186818128 2.9977130750 1.3509099412
11.9032794251 -2.9950072200 1.5294199840
-0.0649799109 4.3682913174 4.7010429087
-0.1924849186 -3.8237498265 5.1254670084
-3.5834494758 4.8294578085 6.7502663019
-3.6932304393 -3.9547892884 7.0650668967
12.5969531063 3.8754460600 -1.8247249939
12.5985843579 -3.9513364792 -1.6270377946
-3.9373334885 0.2909590090 -5.8649523948
-3.9137783212 -0.9765499545 -5.9836845097
-7.5471884606 0.3880184621 -2.5989495736
-7.5400180197 -0.6394324337 -2.5866803100
-4.6295676680 -0.0264715707 -5.2056490032
-4.6406372085 -0.5455941597 -5.2798933135
-4.1359618158 3.7359049798 1.1884598734
-4.1038322098 -3.5712318599 1.3858050954
-4.2753720080 2.1027678680 -1.9597247261
-3.9607982529 -2.4152972843 -1.6074805042
-6.3538108186 1.2675694055 -2.1820179348
-6.4190599634 -1.3943577906 -2.0756532721
-8.1065300198 3.1540514537 4.2804340128
-8.0837502576 -2.6430462985 4.4542297505
-6.8590569197 4.4906329802 6.8742964747
-6.9069977284 -3.3288670468 6.8699340811
0.2592751350 7.7229164427 0.8604856585
0.2499641582 -7.5879019482 1.8110212822
-4.5934571642 7.5521482313 4.1029925475
-4.6091455214 -6.9788405503 4.7518776076
-2.2973618599 5.2596462531 -0.0575629522
-2.4102221202 -5.1683985166 0.4108480568
-0.7285438190 6.1145082619 4.2837924805
-0.7643863550 -5.5905901143 4.8351272053
2.2365804688 4.7175420442 -0.8311833014
2.4966394791 -4.7861959496 -0.3064106217
-3.4149599157 0.6445223792 -5.5707374569
-2.9394339955 1.0005037209 -5.2461990942
-2.5723013142 1.3772361848 -4.8125646486
-2.2693085497 1.7611163267 -4.3273744831
-1.9810118970 2.1691558283 -3.8478731689
-1.6738628223 2.5833965324 -3.3827788346
-1.3349044527 2.9935136667 -2.9419087253
-1.0013200113 3.3981967180 -2.4906549715
-0.5751618432 3.7823364714 -2.1210620365
-0.0184819234 4.0457285697 -1.8503501855
0.6189844710 4.2299690905 -1.6692566814
1.2114322598 4.4162433193 -1.3902286815
1.7655383258 4.6108279469 -1.0374191070
2.4032992097 4.7453976042 -0.8046248245
3.0815906946 4.8147714172 -0.6689263164
3.7727920139 4.8282494207 -0.5974333034
4.4666116632 4.7990475208 -0.5681365260
5.1600166432 4.7443661736 -0.5729213614
5.8522193306 4.6803680647 -0.6083204463
6.5424854909 4.6159524003 -0.6744330961
7.2299727347 4.5537872168 -0.7665725676
7.9149484854 4.4965219422 -0.8779640041
8.5981041111 4.4421875086 -1.0017310609
9.2804137223 4.3829314648 -1.1275487621
9.9629386314 4.3141959435 -1.2442697941
10.6420430992 4.2282916226 -1.3597707703
11.3206839355 4.1395529771 -1.4464275743
11.9638567310 4.0032436980 -1.6202712699
-3.4027959030 -1.3095814976 -5.6772816473
-2.9665012790 -1.6410674356 -5.2754256738
-2.6297284034 -1.9664635444 -4.7715267242
-2.3195997123 -2.3090482620 -4.2524883292
-2.0031051071 -2.6610508874 -3.7410905406
-1.6709659239 -3.0059513967 -3.2328204941
-1.3601907705 -3.3439438279 -2.7107336127
-1.0111425965 -3.6984609340 -2.2281193283
-0.5505428963 -4.0212258283 -1.8310864819
0.0283617896 -4.2750241200 -1.5617210320
0.6510104032 -4.4454525989 -1.3376660988
1.2327523009 -4.5907233811 -1.0212712277
1.7757450610 -4.7537592086 -0.6382168023
2.4098657318 -4.8387410068 -0.3704566682
3.0896561170 -4.8380598768 -0.2147901752
3.7833401774 -4.8222036355 -0.1348989667
4.4814226861 -4.8028146042 -0.1008286490
5.1797926507 -4.7655166993 -0.1097270014
5.8751196669 -4.7078247948 -0.1609407300
6.5660576489 -4.6403153128 -0.2481170859
7.2542164492 -4.5777808062 -0.3575136409
7.9419412614 -4.5261279601 -0.4748599333
8.6298103596 -4.4840362932 -0.5941538168
9.3164053634 -4.4435066542 -0.7191542230
10.0003202706 -4.3945864746 -0.8552689586
10.6775001385 -4.3239458438 -1.0092908495
11.3503349104 -4.2561988416 -1.1704071122
11.9844264658 -4.1179125398 -1.3973361654
14.0900193123 -0.1690598978 -2.2631464753
13.4986661862 -0.1588296186 -1.8041945784
12.9119251746 -0.1413750525 -1.3527484020
12.3093122115 -0.1256257440 -0.9187107069
11.6945626070 -0.1130172548 -0.5039350713
11.0567707811 -0.1028295179 -0.1173124054
10.4023700285 -0.0903669029 0.2465374081
9.7452265166 -0.0744369858 0.6064478076
9.0902994285 -0.0583162576 0.9702747896
8.4362426243 -0.0432615314 1.3351669794
7.7785429780 -0.0284314077 1.6925559597
7.1193886695 -0.0139110904 2.0447136233
6.4449206755 0.0016380788 2.3615421093
-4.1481267479 0.0917169534 -5.5686507115
-4.3698723411 -0.0235712950 -5.3135843595
-4.6738447668 0.0008775241 -5.1286867572
-5.0036672224 0.0467390138 -5.0287661680
-5.3057176137 0.1342636120 -4.8760290861
-5.5689802932 0.1868346894 -4.6532251507
-5.8779425805 0.1893219715 -4.4715840814
-6.1793451981 0.1647616393 -4.2779754294
-6.4388206357 0.1454808765 -4.0389953051
-6.6828484097 0.1467417110 -3.7599663774
-6.9004565307 0.1921576595 -3.4624340228
-7.1191166953 0.2469856765 -3.1754742380
-7.3286825721 0.3186700236 -2.8830539351
-4.1353934313 -0.7608745407 -5.7623481589
-4.3507367838 -0.5957836870 -5.5112157949
-4.5950408921 -0.5438035597 -5.2450974687
-4.9023296418 -0.5269320059 -5.0550657469
-5.2332440435 -0.5517911948 -4.9176969869
-5.5714107695 -0.5566024254 -4.7811262907
-5.8985184003 -0.5206764950 -4.6087691125
-6.2020927388 -0.4818065533 -4.3880912505
-6.4579486381 -0.4672682778 -4.1189689960
-6.6631577710 -0.4902236161 -3.8061520575
-6.8632896839 -0.5062134848 -3.4873576215
-7.0978241253 -0.4885523925 -3.1919910672
-7.3155004722 -0.5487730787 -2.8917342452
10.9486231222 3.6421882936 1.2496193161
9.7716091864 4.0046285545 1.3785492814
8.5878976747 4.1747716385 1.5954190542
7.3899669228 4.2669292413 1.8319849712
6.1942569868 4.3367355331 2.0911689240
5.0098360543 4.3899533491 2.3936094748
3.8502094086 4.4148499725 2.7755780713
2.7179565042 4.3951302414 3.2430135347
1.6299267357 4.3572444651 3.8018517675
0.5683514937 4.3556958020 4.4129282577
-0.5388553388 4.3767298318 4.9355536179
-1.7027504308 4.4259276225 5.3034298840
-2.7246793115 4.6123873680 5.9214385062
10.8376656411 -3.5950881326 1.5259972440
9.6944082395 -3.9604302904 1.6446959305
8.5303280656 -4.0828864113 1.9473218177
7.3491969467 -4.1406667657 2.2055106228
6.1649927224 -4.1756142853 2.4801521661
4.9957493388 -4.2306024776 2.8073661853
3.8491667862 -4.2457951964 3.2028050713
2.7273916579 -4.1493816131 3.6575247103
1.6458802139 -4.0398424811 4.1986087467
0.5869781829 -3.9445794628 4.7789019054
-0.5136198517 -3.8706332700 5.2770823502
-1.6409502876 -3.8755647268 5.7250774502
-2.6752338103 -3.9207551996 6.3376011323
-7.6842403908 0.6996029597 -1.9417579392
-7.7791613182 0.9893903875 -1.2370385075
-7.8981276058 1.2707368183 -0.5281201743
-8.0155130109 1.5702660301 0.1723876102
-8.1288589430 1.8591888751 0.8793896519
-8.2345706305 2.1523912447 1.5897678842
-8.3059325621 2.4313411326 2.3107490571
-8.3153458700 2.7042786790 3.0371809032
-8.2363821762 2.9661610624 3.7564973747
-8.0381297678 3.2491137308 4.4343205965
-7.8519407211 3.5362871302 5.1166355872
-7.5907176424 3.7598287492 5.7820375096
-7.2273962835 4.0768890461 6.3529669848
-7.5977062139 -0.8320717026 -1.8550898156
-7.6736404772 -0.9854014205 -1.1353345554
-7.8107006639 -1.2288492752 -0.4539049905
-7.9791417575 -1.5061621551 0.2081502259
-8.1404856393 -1.7560319414 0.8857215694
-8.2874968432 -1.9867901110 1.5743406238
-8.3937690893 -2.1605289341 2.2872848812
-8.4532523532 -2.3293305124 3.0047513981
-8.3696332526 -2.5086634488 3.7100593642
-8.2065616515 -2.6895693021 4.3924184308
-8.0342127749 -2.8665179520 5.0798746996
-7.8128900889 -2.9856799138 5.7710586752
-7.3682096243 -3.1059892750 6.3357664517
-4.4075849797 3.8151985408 1.8761073729
-4.6472710481 3.8621358725 2.4968263846
-5.0349851305 3.8424806868 3.0006980679
-5.5749772492 3.7565292095 3.3175012787
-6.1558241395 3.6008006254 3.4061041755
-6.7119347245 3.3663326005 3.2873265746
-7.0890555733 3.0369646070 2.8531498738
-7.2775662653 2.6881786073 2.3016258998
-7.3351607041 2.3868332185 1.6755364702
-7.3236526381 2.1176248345 1.0250568704
-7.2486602669 1.8769311189 0.3672542515
-7.1209640469 1.5960553345 -0.2615702076
-6.8700399939 1.4225701154 -0.8409380527
-6.6025765383 1.2567087716 -1.3922238483
-6.3677941024 1.2949389146 -1.9271040209
-5.8805652652 1.4853699203 -2.2677960522
-5.2573565448 1.7275488962 -2.2905815196
-4.6528572822 1.9772437192 -2.1660598758
-4.1475067835 2.2443568306 -1.8361344472
-3.8362067503 2.5784147272 -1.3275204596
-3.6910654526 2.9477935855 -0.7668370300
-3.7531266520 3.2887707519 -0.1637128776
-3.9245900302 3.5225778703 0.4706249732
-4.2722085838 -3.5937155317 2.0377194802
-4.5156326092 -3.5758728552 2.6832177194
-4.9216339175 -3.4973697771 3.2237248625
-5.4896011396 -3.3824951202 3.5528911771
-6.1082154366 -3.2327991442 3.6931436789
-6.6959908526 -2.9975777035 3.5746733281
-7.1210668086 -2.7102102533 3.1246093952
-7.3429762518 -2.4330443165 2.5133423262
-7.3902131002 -2.1982749102 1.8455218189
-7.3326673808 -2.0135477433 1.1625563541
-7.2528110158 -1.8119013968 0.4817617192
-7.1001892884 -1.5893793760 -0.1763053903
-6.8523010491 -1.4249448214 -0.8045782473
-6.6210351806 -1.3305897678 -1.4321120830
-6.3032404677 -1.4135670295 -1.9546615473
-5.7944019679 -1.6410868101 -2.2364491299
-5.1610844073 -1.8900830944 -2.2630163460
-4.5428991308 -2.1242871865 -2.1319517116
-4.0669915062 -2.3854033414 -1.7292055048
-3.7977007446 -2.6735851359 -1.1679407501
-3.6556494848 -2.9882009070 -0.5516301393
-3.6273627804 -3.2701773929 0.0942725282
-3.8314710647 -3.4534546591 0.7438634054
